ID,Diametre_mm,Masse_g,Rugosite_um,Temperature_C,Vibration_mm_s,Couleur_indice,Ultrason_dB,Durete_HV,Defectueuse,TypeDefaut
P0001,49.94,119.63,1.245,36.293,2.144,0.4677,79.144,215.664,0,0
P0002,49.676,124.727,1.624,45.425,3.216,0.6218,51.908,157.317,1,3
P0003,50.104,117.235,1.79,36.351,2.804,0.6159,60.232,165.07,1,3
P0004,50.256,117.423,1.062,38.244,1.615,0.461,74.101,200.887,0,0
P0005,49.885,117.84,1.245,34.519,1.112,0.4823,79.714,210.006,0,0
P0006,49.621,118.998,1.8,47.046,2.896,0.6047,69.214,195.063,1,4
P0007,49.975,118.804,1.665,37.007,1.264,0.5296,NaN,202.97,0,0
P0008,49.914,118.558,1.601,34.218,1.929,0.5446,76.084,207.736,0,0
P0009,49.847,121.526,2.875,41.943,2.552,0.7172,74.333,193.171,1,2
P0010,50.072,120.583,1.272,34.696,1.916,0.6009,80.492,204.901,0,0
P0011,49.819,119.186,1.939,35.621,2.911,0.7431,56.097,186.075,1,3
P0012,50.124,121.011,1.185,35.459,1.826,0.4881,74.863,198.851,0,0
P0013,50.065,120.32,1.242,37.507,2.34,0.4944,71.208,203.513,0,0
P0014,49.789,118.114,1.347,32.38,1.465,0.5176,69.076,208.352,0,0
P0015,50.055,123.14,1.179,34.979,1.589,0.5416,77.351,205.949,0,0
P0016,49.743,122.044,1.457,37.678,2.555,0.7399,45.143,154.987,1,3
P0017,50.188,122.17,1.969,38.25,2.765,0.6703,70.312,207.468,1,1
P0018,50.435,121.701,1.061,31.778,1.715,0.4901,71.691,198.023,0,0
P0019,50.118,120.084,1.169,36.643,1.646,0.5056,78.643,205.099,0,0
P0020,49.923,119.877,1.054,35.5,1.549,0.5971,74.373,209.856,0,0
P0021,49.886,117.952,1.013,33.821,1.479,0.5368,70.712,202.055,0,0
P0022,49.904,117.059,1.367,65.19,4.327,0.4841,67.126,228.786,1,4
P0023,49.908,122.078,1.022,32.039,1.56,0.5597,76.615,NaN,0,0
P0024,50.821,112.818,2.383,39.347,3.589,0.6059,66.197,179.299,1,1
P0025,49.597,116.416,1.231,39.511,1.758,0.5126,35.328,220.195,1,1
P0026,49.517,NaN,1.763,40.038,3.196,0.752,47.296,162.381,1,3
P0027,49.994,116.176,0.687,42.616,2.8,0.3995,48.991,130.904,1,3
P0028,50.144,117.618,1.355,35.99,1.619,0.5518,76.753,204.537,0,0
P0029,50.527,121.481,1.667,41.04,0.47,0.5669,54.786,223.265,1,1
P0030,50.506,122.98,3.383,44.533,3.116,0.6435,68.142,171.922,1,1
P0031,50.039,123.841,1.291,29.033,2.012,0.4949,79.48,201.989,0,0
P0032,50.619,117.185,1.762,44.95,1.844,0.6033,76.093,206.201,1,1
P0033,49.896,119.585,1.2,36.538,1.397,0.5506,73.67,211.012,0,0
P0034,49.42,117.06,2.611,36.466,3.088,0.5752,40.344,173.144,1,1
P0035,49.964,119.37,1.468,33.133,1.409,0.5156,73.532,215.13,0,0
P0036,49.941,119.683,1.632,44.538,1.68,0.4079,62.767,200.138,1,2
P0037,50.323,117.954,1.265,34.98,1.649,0.5433,75.526,206.039,0,0
P0038,49.721,123.148,3.143,42.576,2.247,0.4163,71.871,160.561,1,2
P0039,50.042,119.822,1.216,35.526,1.653,0.5085,73.941,202.783,0,0
P0040,49.922,122.415,1.147,30.429,1.91,0.5278,79.508,211.633,0,0
P0041,50.44,121.948,3.141,43.039,3.349,0.7529,60.66,158.377,1,2
P0042,49.973,123.652,0.904,28.796,1.587,0.5234,72.531,195.198,0,0
P0043,50.308,120.754,3.236,37.564,3.188,0.8362,58.36,171.723,1,2
P0044,49.995,122.882,1.479,30.338,1.27,0.4605,69.775,208.488,0,0
P0045,50.033,118.503,0.936,34.476,1.813,0.4975,75.817,202.597,0,0
P0046,49.936,117.205,3.457,36.552,2.997,0.5311,69.467,194.502,1,2
P0047,50.27,123.85,1.005,34.376,1.269,0.5406,76.887,196.422,0,0
P0048,50.138,120.023,0.949,34.133,1.46,0.5094,74.046,206.545,0,0
P0049,49.664,113.826,2.009,39.702,2.819,0.6141,53.287,177.719,1,3
P0050,49.921,121.545,0.777,29.364,1.911,0.4877,81.017,203.281,0,0
P0051,49.972,121.327,0.912,33.975,1.808,0.4952,77.254,204.185,0,0
P0052,49.379,117.128,2.054,NaN,2.466,0.5444,52.253,171.316,1,3
P0053,50.153,117.893,1.243,44.224,4.614,0.5894,79.705,195.342,1,4
P0054,49.879,122.803,1.179,33.792,1.396,0.5977,NaN,206.422,0,0
P0055,50.123,119.577,1.452,35.409,1.881,0.5186,72.002,195.912,0,0
P0056,49.973,117.444,1.568,36.585,1.732,0.5079,79.232,213.264,0,0
P0057,50.135,126.895,0.783,33.474,3.157,0.8223,65.881,187.765,1,1
P0058,49.584,120.158,0.927,37.962,2.033,0.5061,75.88,205.873,0,0
P0059,NaN,114.239,3.067,31.628,2.16,0.7285,61.446,218.951,1,2
P0060,50.013,120.871,1.06,33.437,1.792,0.5541,77.066,219.751,0,0
P0061,50.397,119.182,1.724,34.676,2.745,0.6015,57.323,190.009,1,3
P0062,49.62,120.476,1.239,37.031,1.773,0.5826,67.598,207.638,0,0
P0063,49.909,120.426,1.394,35.352,1.866,0.4891,72.968,206.482,0,0
P0064,49.738,119.027,1.809,37.5,4.532,0.6952,68.646,179.866,1,2
P0065,49.495,117.953,1.396,33.742,1.31,0.5593,72.354,200.09,0,0
P0066,49.879,118.315,1.679,NaN,3.577,0.5418,60.83,216.3,1,4
P0067,50.495,122.248,1.352,48.005,3.58,0.6207,69.019,195.805,1,4
P0068,49.793,121.264,1.443,40.986,3.753,0.5881,59.164,172.911,1,3
P0069,50.004,124.383,1.918,50.97,4.191,0.4814,64.633,195.29,1,4
P0070,50.072,117.918,1.533,34.435,1.889,0.4966,73.417,215.592,0,0
P0071,49.831,119.197,1.684,31.66,2.033,0.6259,43.599,172.522,1,3
P0072,49.86,118.079,1.542,37.663,1.171,0.4973,77.569,204.457,0,0
P0073,49.917,110.061,1.506,39.99,2.775,0.6143,64.725,189.966,1,1
P0074,50.31,123.042,1.393,42.278,2.973,0.5432,79.504,155.947,1,4
P0075,50.927,122.561,2.438,29.769,2.303,0.5407,71.105,217.745,1,1
P0076,50.125,111.927,2.101,50.342,2.195,0.6624,46.726,150.011,1,3
P0077,49.348,122.719,1.411,33.697,1.644,0.6688,49.925,178.217,1,3
P0078,50.04,116.382,1.156,34.44,1.304,0.5759,77.032,195.368,0,0
P0079,49.979,120.292,1.103,36.105,1.908,0.517,77.173,212.123,0,0
P0080,49.922,120.506,3.225,37.118,0.938,0.5265,55.524,182.058,1,2
P0081,50.456,121.314,2.676,34.007,3.794,0.4641,67.026,155.678,1,2
P0082,49.929,121.127,1.13,43.896,3.123,0.6169,65.233,158.845,1,3
P0083,49.996,119.676,2.376,36.52,4.526,0.675,72.818,188.405,1,4
P0084,50.03,121.111,1.194,42.742,3.277,0.545,63.533,162.904,1,4
P0085,49.914,121.1,0.84,33.626,1.685,0.5015,75.216,198.716,0,0
P0086,50.219,119.588,2.529,44.083,1.932,0.6305,63.938,208.376,1,2
P0087,50.053,115.252,1.795,35.306,0.862,0.6128,54.24,210.196,1,1
P0088,49.967,119.152,2.133,32.405,2.849,0.7042,55.886,171.708,1,3
P0089,49.745,116.086,3,48.273,2.533,0.5363,65.746,185.716,1,2
P0090,49.934,118.938,1.299,40.108,1.576,0.4907,73.066,203.4,0,0
P0091,50.235,118.642,1.69,35.341,1.745,0.5413,78.307,218.371,0,0
P0092,50.087,118.753,1.024,37.326,1.099,0.4897,79.199,206.248,0,0
P0093,50.579,117.228,3.277,38.055,1.959,0.6593,53.465,169.3,1,2
P0094,49.632,123.133,0.723,37.31,2.2,0.4962,70.742,204.029,0,0
P0095,49.942,118.297,2.021,45.771,1.717,0.5095,59.531,198.541,1,2
P0096,50.352,126.73,2.094,40.193,2.086,0.6909,57.24,181.98,1,1
P0097,50.022,118.954,2.069,32.719,4.578,0.617,61.285,182.325,1,4
P0098,50.141,119.052,1.363,36.527,3.309,0.4403,58.951,165.324,1,3
P0099,49.629,123.114,1.82,41.458,2.68,0.6441,72.48,231.935,1,1
P0100,49.725,119.627,1.292,35.906,1.384,0.4996,73.708,217.867,0,0
P0101,49.79,119.022,1.077,35.495,1.193,0.5096,76.544,199.374,0,0
P0102,49.814,122.107,3.006,35.336,2.962,0.3955,74.913,201.096,1,2
P0103,50.229,119.055,2.022,52.44,3.942,0.6538,66.284,189.811,1,4
P0104,51,124.585,1.413,33.947,2.999,0.6402,67.576,199.301,1,1
P0105,50.09,124.039,2.458,42.887,4.059,0.6213,69.505,177.57,1,1
P0106,49.559,123.135,2.042,27.824,1.59,0.4724,75.056,191.469,1,1
P0107,49.904,121.63,0.847,36.371,1.735,0.5476,74.172,205.391,0,0
P0108,49.944,124.064,1.245,34.808,1.65,0.5473,66.965,205.828,0,0
P0109,50.606,114.598,NaN,39.214,2.152,0.6211,64.525,180.874,1,1
P0110,50.415,118.213,1.471,49.427,2.6,0.7046,61.774,214.184,1,4
P0111,50.022,118.776,1.613,46.386,4.488,0.6628,65.665,165.198,1,4
P0112,50.004,121.746,1.293,29.864,1.394,0.4447,71.125,217.124,0,0
P0113,49.607,118.974,1.145,36.701,1.45,0.4741,74.334,207.77,0,0
P0114,49.193,124.909,1.637,40.366,2.39,0.5055,64.21,202.827,1,1
P0115,50.188,121.873,1.139,34.589,1.342,0.6001,76.198,206.685,0,0
P0116,50.084,118.377,1.781,37.546,1.849,0.5523,74.134,214.847,0,0
P0117,49.976,120.159,1.1,36.019,2.109,NaN,69.664,217.804,0,0
P0118,50.049,117.193,0.914,34.601,1.387,0.4917,77.928,202.726,0,0
P0119,50.008,117.337,0.917,33.516,1.395,0.5719,78.879,199.566,0,0
P0120,49.141,120.234,1.575,48.306,5.601,0.6897,57.077,183.027,1,4
P0121,50.156,118.575,2.669,42.556,2.807,0.5417,55.734,163.846,1,3
P0122,50.362,122.261,1.904,39.134,2.664,0.6612,50.774,200.965,1,3
P0123,49.992,119.818,3.236,35.245,2.999,0.589,77.093,207.15,1,2
P0124,49.934,118.817,0.775,33.028,2.274,0.5161,81.522,220.902,0,0
P0125,49.684,118.985,2.779,42.24,3.739,0.8013,53.392,163.948,1,2
P0126,50.14,119.623,1.259,33.148,1.333,0.484,74.844,204.809,0,0
P0127,50.275,121.567,2.865,38.222,3.356,0.8087,61.877,194.056,1,2
P0128,49.77,121.325,1.166,37.636,1.687,0.4793,79.751,217.184,0,0
P0129,50.137,121.985,1.486,28.962,1.036,0.5194,NaN,187.257,0,0
P0130,49.853,122.778,1.223,31.756,NaN,0.5276,75.067,213.671,0,0
P0131,49.89,149.092,1.824,32.046,2.384,0.5946,58.587,158.822,1,3
P0132,49.984,121.451,1.526,36.56,1.823,0.4852,80.579,197.547,0,0
P0133,49.978,121.284,1.246,35.809,1.537,0.5113,71.498,209.782,0,0
P0134,49.931,118.295,1.503,34.612,1.755,0.4932,78.24,200.472,0,0
P0135,49.883,120.102,1.401,37.561,3.125,0.5211,45.839,164.316,1,3
P0136,50.159,123.13,0.644,28.711,0.987,0.5587,79.558,215.545,0,0
P0137,50.019,119.138,0.962,34.42,1.497,0.5119,76.8,224.435,0,0
P0138,50.147,118.881,1.29,30.579,1.804,0.5737,78.395,208.652,0,0
P0139,50.868,124.182,2.016,38.503,2.823,0.6934,64.061,185.612,1,1
P0140,50.137,119.438,1.372,31.444,1.634,0.5477,71.141,195.699,0,0
P0141,50.044,119.127,1.274,29.23,1.189,0.5294,70.986,207.497,0,0
P0142,50.062,121.492,1.312,35.884,2.255,0.5577,74.469,211.095,0,0
P0143,49.958,120.733,1.27,32.939,1.33,0.5317,80.017,212.131,0,0
P0144,50.299,119.879,0.964,44.274,4.697,0.48,61.337,180.121,1,4
P0145,49.86,124.208,0.779,33.409,1.038,0.5676,70.874,213.026,0,0
P0146,49.985,116.46,1.358,35.931,1.751,0.4424,78.241,205.228,0,0
P0147,50.1,126.481,2.457,37.765,2.098,0.6425,40.673,188.289,1,3
P0148,49.99,119.775,1.281,31.982,1.837,0.4986,69.909,211.204,0,0
P0149,49.704,119.926,1.159,32.449,1.937,0.4944,83.221,212.596,0,0
P0150,49.966,120.448,1.485,32.272,1.545,0.5684,78.114,195.243,0,0
P0151,50.215,120.568,0.682,30.396,0.97,0.4849,74.413,204.007,0,0
P0152,49.709,120.184,1.401,33.98,1.621,0.4325,80.209,204.746,0,0
P0153,49.809,113.213,1.392,48.391,2.442,0.5755,51.975,184.954,1,3
P0154,50.022,132.468,1.564,40.648,1.626,0.5521,57.228,151.509,1,3
P0155,49.95,117.907,1.194,33.54,1.335,0.5471,70.333,202.045,0,0
P0156,50.354,117.772,1.089,34.664,1.028,0.5434,83.324,207.679,0,0
P0157,50.266,119.065,1.305,37.806,1.82,0.456,72.023,199.266,0,0
P0158,50.073,123.209,1.439,39.916,1.402,0.5125,75.691,206.612,0,0
P0159,50.111,122.264,2.311,51.536,3.497,0.6244,66.871,187.796,1,4
P0160,50.095,119.837,1.424,35.336,2.096,0.6398,38.221,164.898,1,3
P0161,49.991,113.992,1.919,36.597,3.149,0.6339,78.498,177.746,1,4
P0162,50.338,129.95,2.738,47.408,1.638,0.6317,83.583,186.226,1,1
P0163,50.433,118.266,1.549,42.636,2.704,0.5692,67.527,205.853,1,4
P0164,50.039,119.842,1.276,37.212,1.945,0.5348,76.692,206.789,0,0
P0165,50.006,121,0.97,31.472,1.92,0.5068,81.801,211.386,0,0
P0166,50.053,121.899,1.209,35.942,2.533,0.6071,46.961,154.203,1,3
P0167,49.947,121.825,1.581,30.481,1.597,0.5178,72.21,207.529,0,0
P0168,50.398,120.674,1.095,33.253,1.35,0.5139,74.154,203.02,0,0
P0169,49.841,122.867,NaN,36.304,2.935,0.5927,59.266,NaN,1,1
P0170,50.126,118.575,1.712,39.788,1.969,0.4803,74.117,215.564,0,0
P0171,50.562,118.855,1.338,42.104,1.893,0.584,62.297,220.202,1,1
P0172,50.564,119.519,1.881,28.842,1.102,0.5777,45.39,188.311,1,3
P0173,50.402,110.781,2.405,38.616,2.476,0.5497,77.558,174.131,1,2
P0174,49.836,119.294,1.329,34.085,1.326,0.5285,75.777,221.891,0,0
P0175,50.097,119.865,1.198,36.916,1.755,0.5733,78.462,207.259,0,0
P0176,50.316,123.059,2.002,38.21,3.232,0.5099,67.851,157.836,1,2
P0177,49.651,108.975,2.549,30.646,3.263,0.6655,48.557,168.065,1,3
P0178,49.726,120.012,1.455,34.16,1.289,0.5141,77.163,203.983,0,0
P0179,50.037,118.457,1.028,28.372,1.499,0.5322,78.326,213.738,0,0
P0180,49.925,121.99,1.257,31.098,1.629,0.5276,75.355,200.187,0,0
P0181,50.681,123.284,2.752,50.485,2.392,0.7876,44.533,160.525,1,3
P0182,50.339,118.153,1.951,51.467,4.549,0.6588,57.925,196.04,1,4
P0183,49.471,117.39,2.002,41.844,3.825,0.5342,62.365,158.978,1,4
P0184,49.609,114.924,2.239,44.344,2.544,0.6128,44.103,167.389,1,3
P0185,49.8,117.815,2.277,38.496,2.165,0.3389,60.855,181.491,1,2
P0186,49.693,119.974,1.08,36.536,1.837,0.511,76.329,196.233,0,0
P0187,49.869,123.748,1.681,35.538,1.85,0.6833,47.874,191.515,1,3
P0188,49.542,117.166,1.174,49.047,1.955,0.6502,60.141,151.115,1,3
P0189,49.727,119.892,1.024,41.275,1.986,0.5022,73.837,196.624,0,0
P0190,50.181,117.725,1.184,32.672,1.489,0.4689,74.297,209.497,0,0
P0191,49.752,119.417,0.863,31.528,1.484,0.5577,80.63,202.485,0,0
P0192,50.078,118.741,1.315,33.408,1.662,0.5401,77.124,NaN,0,0
P0193,50.35,116.54,1.037,44.964,2.491,0.5621,67.171,179.052,1,1
P0194,49.838,119.974,1.091,33.814,1.323,0.4554,77.5,193.635,0,0
P0195,50.208,117.734,1.55,52.927,4.464,0.6516,48.89,158.98,1,4
P0196,49.791,123.495,2.732,44.06,2.333,0.6213,58.775,NaN,1,3
P0197,50.005,121.137,0.993,NaN,1.224,0.5081,80.21,211.034,0,0
P0198,49.91,117.894,1.476,31.222,1.218,0.4972,74.115,201.692,0,0
P0199,49.931,120.821,1.385,34.372,1.615,0.5325,74.186,203.205,0,0
P0200,50.159,121.666,1.25,32.118,1.237,0.5213,75.534,200.799,0,0
P0201,50.854,111.635,1.164,NaN,2.654,0.5629,53.721,181.673,1,1
P0202,50.734,120.06,1.906,33.754,1.548,1.1628,55.102,187.102,1,1
P0203,49.788,118.825,1.46,35.199,1.67,0.5259,81.866,187.011,0,0
P0204,49.801,117.876,1.168,29.785,1.739,0.5901,64.458,208.54,0,0
P0205,49.61,122.785,2.696,36.795,2.935,0.5036,57.389,196.621,1,2
P0206,49.733,119.667,1.467,46.671,2.654,0.5469,54.954,147.663,1,3
P0207,49.979,120.442,1.573,32.805,2.043,0.4353,78.446,205.195,0,0
P0208,49.738,120.901,3.721,36.711,3.023,0.6681,58.9,157.956,1,2
P0209,50.173,119.739,1.111,37.101,1.664,0.4793,82.127,207.768,0,0
P0210,49.743,118.673,2.375,45.748,3.721,0.5515,67.953,170.04,1,2
P0211,49.887,119.466,1.247,35.685,1.26,0.5214,76.518,210.193,0,0
P0212,50.149,122.65,2.904,51.669,3.927,0.6646,53.309,187.489,1,4
P0213,50.203,122.542,1.218,30.323,1.485,0.4938,76.482,203.85,0,0
P0214,49.618,116.144,1.531,36.889,3.957,0.5141,68.142,189.301,1,4
P0215,50.201,117.051,1.075,32.572,1.985,0.4747,81.139,348.896,0,0
P0216,50.012,119.713,1.367,33.331,0.946,0.5538,75.914,203.365,0,0
P0217,49.69,120.524,1.191,28.563,2.11,0.5203,74.383,211.82,0,0
P0218,49.987,121.297,1.377,45.556,4.886,0.5246,57.053,187.117,1,4
P0219,49.706,126.437,1.439,31.486,1.344,0.5273,74.823,199.323,0,0
P0220,49.769,121.953,1.474,26.602,1.723,0.4888,75.075,202.654,0,0
P0221,50.032,120.007,2.729,31.317,1.737,0.6361,63.396,189.53,1,2
P0222,49.572,126.26,2.052,34.87,3.475,0.573,66.871,175.496,1,1
P0223,50.42,117.343,1.863,35.466,1.74,0.6124,61.74,174.627,1,3
P0224,49.519,121.922,1.95,42.847,4.151,0.6249,61.646,185.715,1,1
P0225,50.281,112.902,2.008,31.153,3.811,0.763,71.078,156.954,1,2
P0226,50.227,119.503,1.239,33.765,1.277,0.5131,77.95,198.476,0,0
P0227,49.272,125.531,1.619,45.353,1.725,0.6637,53.617,196.545,1,1
P0228,49.631,116.978,1.632,52.197,4.86,0.6594,59.706,192.029,1,4
P0229,NaN,119.376,1.221,33.216,1.511,0.5618,76.252,201.711,0,0
P0230,49.997,119.241,1.28,30.896,2.052,0.5215,75.579,204.635,0,0
P0231,50.663,123.093,1.709,43.991,2.669,0.5703,51.642,163.741,1,3
P0232,50.137,119.045,1.467,44.78,2.647,0.6261,81.655,197.134,1,4
P0233,49.777,122.641,1.381,35.334,1.663,0.5072,75.269,192.552,0,0
P0234,50.504,119.349,1.694,31.644,1.563,0.5799,80.056,192.95,0,0
P0235,49.808,119.802,NaN,35.435,2.384,0.5327,53.091,214.95,1,3
P0236,49.914,120.905,1.54,54.167,4.367,0.574,61.477,166.11,1,4
P0237,49.589,118.589,1.982,50.93,4.438,0.5145,78.99,178.788,1,4
P0238,49.878,112.968,3.006,36.01,1.762,0.3691,64.739,184.461,1,2
P0239,50.202,117.635,1.771,37.512,3.715,0.5904,50.263,167.286,1,3
P0240,49.973,110.495,2.086,33.715,2.342,0.7532,71.882,215.555,1,4
P0241,49.738,128.454,1.743,37.972,2.707,0.6286,50.406,185.047,1,3
P0242,49.993,120.841,0.926,30.871,1.994,0.5399,80.39,197.534,0,0
P0243,49.5,NaN,1.115,32.532,1.517,0.5582,72.187,206.479,0,0
P0244,50.096,121.444,1.56,30.964,1.72,0.5491,80.063,202.027,0,0
P0245,49.973,122.132,1.484,32.712,1.864,0.5394,67.353,200.614,0,0
P0246,49.853,122.378,1,46.898,4.8,0.6484,57.615,180.172,1,4
P0247,49.801,116.56,2.544,36.045,3.328,0.7411,73.533,190.978,1,2
P0248,50.126,118.866,1.097,31.873,1.826,0.5694,78.67,195.473,0,0
P0249,49.428,122.677,2.153,50.249,4.084,0.6523,68.759,196.81,1,4
P0250,49.789,122.432,1.586,35.248,2.035,0.6277,47.978,181.117,1,3
P0251,49.712,119.817,1.356,31.436,2.077,0.6108,77.892,184.481,0,0
P0252,49.983,119.043,1.357,33.89,1.498,0.537,75.642,212.641,0,0
P0253,49.662,122.696,1.525,42.072,1.786,0.5737,70.737,198.081,0,0
P0254,49.527,111.064,1.927,37.105,1.449,0.6992,51.957,186.922,1,1
P0255,49.658,119.878,2.607,43.162,3.83,0.6795,59.622,208.516,1,2
P0256,49.674,117.649,2.039,40.989,2.315,0.7132,45.43,195.539,1,3
P0257,50.941,123.148,2.03,42.081,1.826,0.5755,73.105,181.395,1,1
P0258,49.697,121.126,1.115,32.952,1.604,0.5483,72.456,201.178,0,0
P0259,49.921,119.98,1.085,32.488,1.664,0.5337,78.701,210.995,0,0
P0260,49.411,118.305,1.455,40.701,NaN,0.7182,56.588,202.869,1,1
P0261,49.96,118.243,1.647,32.784,1.626,0.5018,71.774,206.727,0,0
P0262,50.292,118.358,2.533,40.866,2.378,0.613,74.67,181.906,1,2
P0263,49.525,122.337,2.233,44.673,2.853,0.6,45.338,165.383,1,3
P0264,50.074,119.861,2.268,49.821,4.163,0.5045,70.921,209.204,1,4
P0265,50.296,124.149,2.214,42.446,3.537,0.6516,65.054,177.264,1,4
P0266,49.771,119.94,1.378,33.684,1.621,0.487,78.594,216.734,0,0
P0267,49.634,110.89,1.112,47.083,2.696,0.6076,70.425,177.767,1,1
P0268,49.911,119.904,1.51,31.059,1.656,0.4812,77.406,223.735,0,0
P0269,49.713,120.435,1.553,29.153,1.266,0.5824,76.099,201.611,0,0
P0270,49.967,119.182,0.944,28.911,NaN,0.4805,77.22,207.292,0,0
P0271,50.156,119.944,1.396,32.866,1.298,0.5176,71.684,209.272,0,0
P0272,50.376,123.42,2.378,39.485,1.723,0.5566,68.855,182.619,1,1
P0273,NaN,123.125,0.9,32.743,1.578,0.5101,78.758,197.12,0,0
P0274,49.933,130.1,1.947,36.338,3.08,0.6546,53.814,172.95,1,4
P0275,50.185,118.206,1.493,35.059,1.33,0.5305,72.965,205.778,0,0
P0276,50.022,118.079,0.801,32.143,1.735,0.5034,76.049,207.914,0,0
P0277,50.245,120.255,1.154,35.248,1.839,0.5243,NaN,199.444,0,0
P0278,49.756,116.386,2.629,36.419,2.253,0.7833,54.424,193.717,1,2
P0279,50.293,118.318,0.991,39.537,1.564,0.5069,70.984,199.372,0,0
P0280,49.897,120.346,1.338,NaN,0.898,0.5207,73.558,195.436,0,0
P0281,49.978,120.317,1.265,35.152,1.524,0.4702,NaN,208.346,0,0
P0282,49.78,121.782,1.999,40.189,2.108,0.5424,61,184.436,1,1
P0283,49.753,129.094,1.376,41.142,4.535,0.6606,64.379,199.638,1,4
P0284,50.394,113.284,2.178,39.351,3.285,0.5527,63.807,183.763,1,4
P0285,50.309,119.228,1.245,33.661,1.401,0.5178,73.068,208.395,0,0
P0286,50.14,122.027,1.302,38.923,1.202,0.5471,78.661,203.788,0,0
P0287,49.531,121.765,1.991,49.408,3.285,0.5125,48.715,174.325,1,4
P0288,50.075,119.789,1.234,35.439,1.208,0.5431,74.558,208.048,0,0
P0289,50.469,124.317,1.669,31.324,3.745,0.7344,45.254,190.187,1,3
P0290,50.114,117.926,1.089,29.711,1.406,0.5184,77.621,200.628,0,0
P0291,50.03,118.946,1.367,31.18,1.812,0.518,77.492,207.936,0,0
P0292,49.143,129.195,1.782,38.619,2.169,0.6483,65.221,202.834,1,1
P0293,49.906,112.768,1.88,45.212,2.972,0.5708,45.885,161.872,1,3
P0294,49.779,119.92,1.137,31.69,1.923,0.4958,68.02,208.026,0,0
P0295,50.086,117.822,1.099,35.194,2.307,0.5705,77.562,201.647,0,0
P0296,49.394,122.422,1.778,38.858,2.596,0.6354,66.692,189.324,1,1
P0297,49.491,114.776,1.272,32.114,1.646,0.5521,55.03,193.801,1,3
P0298,49.746,122.278,1.269,36.705,1.256,0.5237,75.045,208.309,0,0
P0299,49.577,119.438,1.178,NaN,1.338,0.5193,76.374,211.819,0,0
P0300,49.806,118.2,1.083,33.205,1.772,0.5683,77.218,213.376,0,0
P0301,50.011,120.759,NaN,31.479,1.432,0.4475,73.453,205.576,0,0
P0302,49.24,115.529,1.486,38.717,NaN,0.6179,57.206,147.075,1,3
P0303,50.126,125.789,1.026,34.668,1.183,0.513,79.416,202.669,0,0
P0304,49.956,119.165,1.095,33.873,1.789,0.4811,74.889,200.62,0,0
P0305,50.035,115.759,1.909,36.495,2.361,0.6282,50.846,198.967,1,3
P0306,50.291,116.69,1.492,44.726,5.82,0.6508,82.78,181.048,1,4
P0307,50.254,120.756,1.506,42.743,3.051,0.6488,61.442,192.944,1,4
P0308,50.222,122.953,2.216,53.635,3.356,0.6335,64.192,198.547,1,4
P0309,49.691,123.621,1.979,31.701,3.607,0.5573,62.163,177.63,1,4
P0310,49.477,119.128,2.391,28.875,3.745,0.7,64.995,195.632,1,2
P0311,50.536,124.265,2.067,45.254,3.584,0.693,65.137,195.356,1,4
P0312,49.508,111.836,2.334,41.184,2.087,0.6165,71.837,173.668,1,1
P0313,50.407,113.68,0.834,39.829,1.561,0.6897,70.275,186.546,1,1
P0314,50.234,121.027,1.08,33.387,1.887,0.4742,77.721,212.671,0,0
P0315,49.838,119.983,1.264,39.81,1.241,0.5379,69.549,188.721,0,0
P0316,49.781,115.264,1.344,33.895,1.506,0.4654,71.724,206.047,0,0
P0317,49.786,120.105,1.009,31.927,1.363,0.5127,75.545,202.863,0,0
P0318,50.02,120.241,1.433,46.245,3.937,0.5059,80.248,167.18,1,4
P0319,50.075,118.281,2.442,46.173,3.402,0.5568,42.015,182.724,1,4
P0320,49.214,124.879,2.158,44.554,3.081,0.5457,53.084,168.172,1,4
P0321,49.741,121.41,1.651,37.376,1.522,0.4828,70.072,206.699,0,0
P0322,49.784,116.786,2.985,46.483,1.039,0.3522,65.41,195.287,1,2
P0323,50.219,121.271,2.855,35.689,2.663,0.6606,75.597,196.059,1,2
P0324,50.108,119.376,1.3,32.231,1.257,0.5158,75.499,206.075,0,0
P0325,49.666,119.221,2.032,42.405,0.853,0.4607,58.098,135.337,1,3
P0326,50.264,119.452,1.868,49.04,3.43,0.7038,69.771,162.265,1,4
P0327,49.99,119.808,1.39,32.915,1.722,0.5268,78.257,196.816,0,0
P0328,49.835,119.318,1.259,35.261,2.043,0.5645,73.721,199.542,0,0
P0329,NaN,124.72,1.728,36.561,2.404,0.6665,66.68,169.2,1,1
P0330,49.882,120.582,1.309,36.447,1.477,0.5484,78.141,200.994,0,0
P0331,49.82,115.946,0.966,34.655,1.521,0.5303,71.872,205.926,0,0
P0332,50.32,121.991,0.948,32,1.49,0.5372,81.497,208.066,0,0
P0333,49.95,117.875,1.13,32.956,1.381,0.5236,79.906,203.361,0,0
P0334,50.05,126.419,1.925,36.354,3.205,0.4668,70.244,167.109,1,1
P0335,50.25,121.903,2.188,38.042,3.175,NaN,60.013,153.626,1,2
P0336,50.349,122.217,0.6,43.306,1.444,0.649,47.545,175.249,1,3
P0337,50.062,122.977,1.173,34.755,1.569,0.4718,77.389,200.605,0,0
P0338,50.098,123.074,1.37,33.111,1.244,0.5281,78.78,202.277,0,0
P0339,50.102,118.93,1.937,28.411,1.967,0.6441,61.971,193.456,1,1
P0340,50.108,119.127,2.237,36.551,3.362,0.5454,73.958,188.274,1,4
P0341,50.206,119.856,1.512,36.517,2.019,0.5254,78.484,210.904,0,0
P0342,50.215,120.596,1.696,33.364,1.575,0.5218,76.617,212.077,0,0
P0343,49.698,116.375,0.946,31.678,2.515,0.6714,67.029,156.771,1,1
P0344,49.209,120.011,2.285,44.417,2.274,0.7945,74.214,179.759,1,1
P0345,50.264,123.963,1.719,41.025,4.033,0.619,68.278,200.905,1,4
P0346,50.644,119.752,3.124,38.184,3.479,0.3467,66.052,171.299,1,2
P0347,50.968,131.805,2.062,32.823,3.521,0.6289,50.492,195.655,1,1
P0348,49.972,122.702,1.704,41.503,2.538,0.6488,47.361,171.946,1,3
P0349,49.85,122.862,2.217,26.908,2.006,0.7232,57.913,186.924,1,2
P0350,50.198,122.303,1.193,34.068,1.765,0.5324,76.287,204.172,0,0
P0351,50.793,119.281,2.73,41.766,3.432,0.6827,76.251,200.152,1,2
P0352,49.752,122.869,2.02,33.697,2.653,0.5186,64.374,186.181,1,2
P0353,49.762,119.727,2.808,38.62,4.315,0.7574,68.468,187.581,1,2
P0354,49.419,116.073,2.165,39.447,2.714,0.5013,72.624,171.717,1,1
P0355,50.048,116.762,2.067,40.033,2.962,0.6238,59.896,151.761,1,3
P0356,50.205,123.601,1.909,40.719,3.799,0.5343,61.387,180.546,1,2
P0357,49.394,121.766,2.113,46.578,1.438,0.7042,57.717,184.254,1,3
P0358,49.815,120.337,1.185,35.106,1.919,0.5304,69.367,198.344,0,0
P0359,49.917,119.147,1.282,31.57,1.615,0.5505,77.164,206.459,0,0
P0360,49.474,126.912,2.871,32.283,2.645,0.6605,79.106,169.704,1,1
P0361,50.264,120.648,1.559,35.138,1.465,0.5239,76.412,212.483,0,0
P0362,49.824,NaN,2.693,39.741,1.738,0.6672,56.301,164.602,1,3
P0363,49.883,120.524,1.009,31.463,1.889,0.5081,82.552,212.118,0,0
P0364,49.992,119.571,1.131,30.954,1.95,0.4985,71.884,204.846,0,0
P0365,50.275,116.524,1.029,36.036,1.26,0.59,79.11,203.944,0,0
P0366,49.978,122.139,1.711,32.627,1.693,0.5449,74.609,197.261,0,0
P0367,50.057,115.419,3.012,34.009,1.987,0.4796,59.032,180.642,1,2
P0368,50.268,121.883,1.778,51.491,4.886,0.7542,69.962,177.442,1,4
P0369,50.38,122,2.204,40.173,2.6,0.633,63.54,144.575,1,3
P0370,50.81,125.613,1.87,45.925,3.006,0.6116,61.228,186.116,1,1
P0371,49.812,120.913,1.113,35.222,3.711,0.6629,81.896,229,1,4
P0372,49.995,123.458,1.579,32.518,1.89,0.5098,74.456,207.89,0,0
P0373,50.232,124.777,0.941,35.558,1.446,0.5131,78.714,199.425,0,0
P0374,50.606,119.852,1.74,42.449,3.481,0.525,72.203,195.344,1,4
P0375,50.679,122.64,2.062,52.725,4.5,0.6061,57.123,195.164,1,4
P0376,49.715,120.612,1.572,31.849,NaN,0.4853,70.347,206.707,0,0
P0377,49.71,117.576,1.334,37.607,2.655,0.614,63.153,196.897,1,3
P0378,49.711,119.966,1.376,33.506,1.073,0.486,75.728,193.252,0,0
P0379,49.487,117.627,1.761,42.733,2.591,0.6697,66.167,168.555,1,1
P0380,NaN,120.313,NaN,32.985,1.411,0.5546,74.115,201.263,0,0
P0381,50.082,115.389,2.38,35.606,3.963,0.8418,51.28,190.733,1,2
P0382,50.19,120.138,1.052,33.794,2.004,0.5258,73.498,192.665,0,0
P0383,50.21,119.686,1.153,32.285,1.302,0.4214,68.449,199.29,0,0
P0384,49.917,120.381,0.913,37.562,1.678,0.475,79.186,202.299,0,0
P0385,50.236,120.916,1.11,29.941,2.019,0.439,75.372,206.727,0,0
P0386,50.07,118.711,1.229,35.027,1.989,0.5798,80.523,208.194,0,0
P0387,49.784,123.216,2.382,44.101,3.529,0.5676,56.404,178.663,1,4
P0388,49.867,117.968,2.355,44.168,2.891,0.648,52.668,169.247,1,3
P0389,50.022,122.65,2.139,44.342,2.258,0.6268,60.101,169.088,1,3
P0390,49.527,122.683,2.071,41.666,2.858,0.6044,79.286,179.163,1,2
P0391,48.842,123.631,2.361,33.921,2.556,0.5502,58.165,193.147,1,1
P0392,50.21,118.871,2.553,46.551,3.597,0.6145,74.582,179.278,1,4
P0393,51.025,120.014,2.122,31.88,1.558,0.4781,64.993,182.378,1,1
P0394,50.326,119.249,1.441,40.452,2.922,0.5392,40.165,170.405,1,3
P0395,49.646,123.079,1.391,33.769,1.625,0.5742,70.89,210.898,0,0
P0396,50.368,118.665,2.258,51.003,4.479,0.5383,70.8,196.785,1,4
P0397,50.173,145.134,2.081,52.349,3.089,0.6588,61.019,215.317,1,4
P0398,50.126,119.319,1.448,33.822,1.77,0.5554,75.701,197.442,0,0
P0399,50.079,118.739,1.429,34.331,NaN,0.549,71.875,195.676,0,0
P0400,50.398,127.119,1.805,42.436,4.08,0.5709,56.443,NaN,1,4
P0401,50.507,128.873,2.27,35.317,2.43,0.6636,66.913,199.317,1,1
P0402,49.853,120.978,1.23,35.101,2.066,0.5059,82.806,207.494,0,0
P0403,49.95,119.771,1.256,30.119,1.237,0.5651,83.187,214.366,0,0
P0404,49.969,120.552,1.487,31.799,2.154,0.4936,74.935,200.932,0,0
P0405,49.789,117.685,1.251,35.596,1.424,0.5979,76.945,208.769,0,0
P0406,49.876,123.673,1.571,33.671,2.725,0.588,36.538,168.978,1,3
P0407,49.902,118.666,1.371,32.724,1.159,0.5552,75.315,206.819,0,0
P0408,49.956,127.572,1.51,37.668,2.86,0.5897,48.615,181.421,1,3
P0409,50.447,128.836,1.886,26.529,1.501,0.5441,80.991,205.493,1,1
P0410,50.772,113.909,1.783,37.31,2.698,0.6862,38.297,177.484,1,1
P0411,49.797,121.226,1.707,51.18,5.192,0.6914,60.45,188.731,1,4
P0412,49.734,117.376,1.267,34.665,1.877,0.547,79.026,195.386,0,0
P0413,50.556,121.878,NaN,39.813,2.83,0.5752,48.378,168.324,1,3
P0414,49.669,121.577,2.496,40.147,3.686,0.4293,64.549,216.744,1,2
P0415,50.008,120.851,1.511,33.89,1.516,0.5434,70.267,209.479,0,0
P0416,50.214,115.812,0.996,34.066,1.966,0.5097,76.525,199.162,0,0
P0417,NaN,120.237,1.489,33.963,1.657,0.5061,78.173,209.582,0,0
P0418,50.041,117.234,2.511,51.984,4.331,0.6828,79.081,192.329,1,4
P0419,50.15,118.015,1.492,39.218,2.541,0.5452,51.913,166.75,1,2
P0420,49.822,120.252,0.945,38.249,1.57,0.4843,68.497,205.649,0,0
P0421,50.154,120.239,1.433,32.36,1.775,0.5325,77.579,208.219,0,0
P0422,50.083,117.862,2.698,50.095,3.544,0.4821,73.503,186.299,1,4
P0423,50.197,118.941,1.143,34.489,1.37,0.5145,82.113,207.298,0,0
P0424,50.216,122.904,2.69,39.884,3.223,0.3992,58.065,206.505,1,2
P0425,49.947,118.902,1.289,43.301,4.231,0.6047,66.937,195.634,1,4
P0426,49.772,112.729,3.052,43.707,1.886,0.563,57.492,191.02,1,2
P0427,49.79,120.62,1.031,37.699,1.22,0.5467,73.94,211.628,0,0
P0428,50.082,122.838,1.262,41.92,2.062,0.6511,54.639,155.178,1,3
P0429,50.093,122.642,2.381,46.181,1.781,0.721,70.366,167.84,1,2
P0430,50.018,118.405,1.24,33.436,2.093,0.4921,75.992,188.202,0,0
P0431,49.521,118.669,1.167,45.996,5.088,0.6356,63.322,182.336,1,4
P0432,49.967,118.905,1.44,50.885,3.966,0.6804,51.802,150.35,1,3
P0433,50.168,111.099,1.872,39.938,3.059,0.7659,66.592,211.535,1,1
P0434,49.493,122.04,1.766,48.073,3.041,0.5586,68.454,208.436,1,2
P0435,50.112,119.1,1.57,30.629,1.576,0.5059,76.764,218.77,0,0
P0436,50.055,120.595,1.311,34.399,1.361,0.4888,78.905,201.658,0,0
P0437,49.925,120.171,1.107,34.761,1.144,0.5295,73.039,196.624,0,0
P0438,49.787,117.057,2.021,41.126,2.794,0.774,56.068,196.52,1,2
P0439,49.661,120.079,1.508,31.419,2.064,0.4872,74.144,206.078,0,0
P0440,49.693,120.749,2.146,51.931,3.601,0.5349,62.637,195.492,1,4
P0441,49.159,117.612,2.504,33.202,2.059,0.6992,58.071,212.763,1,2
P0442,49.759,117.72,1.763,47.188,3.342,0.5385,69.637,201.306,1,4
P0443,50.719,115.328,1.538,32.183,3.449,0.6153,63.316,197.861,1,1
P0444,50.103,117.47,1.165,44.243,3.232,0.5887,47.988,191.716,1,3
P0445,49.859,121.606,1.077,34.148,1.441,0.5902,71.329,212.717,0,0
P0446,50.01,120.155,1.72,36.275,1.635,NaN,75.343,204.796,0,0
P0447,NaN,NaN,1.427,39.043,1.367,0.4931,73.986,201.001,0,0
P0448,50.044,122.521,1.013,28.424,1.591,0.5759,74.448,199.941,0,0
P0449,49.52,119.105,2.305,26.1,1.851,0.5025,68.401,179.104,1,1
P0450,50.199,120.59,0.839,NaN,1.074,0.5503,75.18,210.244,0,0
P0451,50.869,118.805,2.037,47.032,2.828,0.5769,58.302,193.734,1,3
P0452,50.258,118.563,2.917,37.1,1.127,0.493,70.995,206.329,1,2
P0453,50.315,122.795,1.264,34.126,1.333,0.5151,77.349,223.562,0,0
P0454,50.409,129.545,2.699,41.751,2.857,0.5029,66.09,180.516,1,2
P0455,50.304,118.658,2.126,44.758,1.864,0.5884,51.543,186.486,1,2
P0456,49.663,122.879,2.615,39.643,2.989,0.6138,70.942,203.628,1,4
P0457,50.592,117.587,2.237,41.74,2.632,0.5966,64.611,186.917,1,3
P0458,50.079,119.586,1.001,32.213,1.744,0.4966,77.272,200.156,0,0
P0459,50.097,121.411,0.997,33.824,1.2,0.5036,77.863,199.582,0,0
P0460,49.966,117.088,1.185,30.648,1.584,0.5008,73.154,212.513,0,0
P0461,49.667,118.437,1.851,35.353,1.504,0.4658,65.808,191.683,0,0
P0462,50.129,119.364,1.306,35.817,1.675,0.5466,77.698,193.822,0,0
P0463,50.281,118.187,1.937,34.517,5.061,0.4716,48.833,203.898,1,4
P0464,50.234,120.707,1.664,36.635,1.518,0.5071,78.584,210.64,0,0
P0465,50.001,116.342,1.399,42.651,NaN,0.7547,70.62,174.937,1,4
P0466,50.14,119.894,2.072,41.653,2.24,0.7126,53.654,153.747,1,3
P0467,50.226,124.917,1.499,37.847,4.536,0.5927,56.182,194.459,1,4
P0468,50.541,119.936,1.786,41.929,2.9,0.5665,45.812,175.543,1,3
P0469,50.49,120.341,0.965,33.637,1.783,0.4943,75.282,197.245,0,0
P0470,50.169,119.789,1.655,31.93,1.427,0.5033,70.891,207.557,0,0
P0471,50.167,124.363,1.926,42.535,3.889,0.6621,69.144,168.621,1,4
P0472,50.079,121.662,1.271,38.335,2.305,0.5765,76.743,210.866,0,0
P0473,49.959,119.51,0.996,33.65,1.634,0.434,79.898,208.453,0,0
P0474,50.103,120.606,1.432,35.759,2.086,0.5279,75.775,206.784,0,0
P0475,49.962,118.01,1.22,36.177,1.893,0.5559,82.982,203.004,0,0
P0476,50.171,121.377,1.207,39.492,3.333,0.6482,47.993,138.309,1,3
P0477,49.834,123.549,1.118,36.023,1.492,0.519,76.773,219.284,0,0
P0478,49.986,122.251,2.418,45.354,5.794,0.6972,57.376,169.135,1,4
P0479,50.748,118.759,1.964,41.67,4.704,0.72,56.817,166.128,1,4
P0480,50.127,120.921,0.959,32.605,1.539,0.5705,73.862,205.874,0,0
P0481,49.526,110.824,1.77,43.241,3.717,0.5434,46.711,184.537,1,1
P0482,49.333,124.85,1.793,49.49,4.098,0.597,57.293,199.084,1,4
P0483,50.31,117.837,1.932,51.642,4.143,0.5978,55.154,NaN,1,4
P0484,49.749,119.675,3.591,52.666,2.918,0.7072,66.957,155.645,1,2
P0485,50.068,122.117,0.872,38.671,1.416,0.4888,78.403,208.791,0,0
P0486,50.046,121.773,2.554,46.126,2.192,0.4789,59.062,198.468,1,2
P0487,49.812,113.354,1.401,55.377,3.785,0.6055,67.224,214.48,1,4
P0488,50.445,119.448,1.643,43.684,2.839,0.4976,69.514,201.254,1,4
P0489,50.404,117.031,2.425,35.697,3.618,0.745,66.489,172.269,1,1
P0490,49.47,111.609,1.502,38.116,2.97,0.5811,40.774,196.846,1,1
P0491,50.191,122.303,1.259,30.971,2.135,0.4855,74.846,201.469,0,0
P0492,49.779,120.99,1.241,33.985,1.25,0.5887,70.174,207.005,0,0
P0493,50.74,130.089,2.179,47.623,3.576,0.5936,NaN,225.341,1,1
P0494,50.163,117.327,0.979,36.36,1.387,0.51,72.656,213.973,0,0
P0495,49.921,119.927,1.217,32.304,1.442,0.5499,76.108,196.018,0,0
P0496,50.341,118.06,1.182,55.453,5.799,0.6671,59.326,211.884,1,4
P0497,49.932,121.401,1.227,36.384,1.368,0.5299,79.972,207.14,0,0
P0498,49.883,116.38,2.485,49.443,3.853,0.6432,66.412,189.393,1,4
P0499,50.074,119.422,1.616,31.43,1.767,0.5746,73.628,206.12,0,0
P0500,50.045,120.042,0.998,30.812,0.974,0.4844,76.601,205.536,0,0
P0501,49.411,119.025,1.648,39.364,2.526,0.5894,61.696,199.433,1,1
P0502,49.186,118.994,1.827,45.809,2.265,0.613,64.943,186.248,1,1
P0503,49.983,120.44,1.535,37.62,1.17,0.5491,NaN,197.512,0,0
P0504,50.273,118.522,2.114,39.999,1.033,0.5133,78.672,170.158,1,2
P0505,49.911,118.757,1.612,35.224,1.386,0.512,79.31,204.55,0,0
P0506,49.525,120.094,1.023,36.771,1.763,0.4648,78.95,204.082,0,0
P0507,50.328,120.328,1.309,37.518,1.888,0.5539,76.535,196.69,0,0
P0508,49.965,118.871,1.447,31.385,1.911,0.568,82.417,192.435,0,0
P0509,49.813,112.606,1.724,35.045,3.191,0.585,58.985,181.861,1,3
P0510,49.768,122.005,1.315,36.028,1.29,NaN,75.21,204.968,0,0
P0511,49.88,123.438,1.497,33.434,3.509,0.5338,61.897,205.603,1,3
P0512,49.79,121.951,1.803,42.645,2.746,0.7563,68.438,193.947,1,1
P0513,49.92,121.1,1.651,39.664,1.699,0.4757,78.389,202.517,0,0
P0514,50.333,124.765,1.068,34.521,1.769,0.5054,78.411,211.35,0,0
P0515,50.056,121.287,1.457,34.897,0.914,0.5139,72.477,213.694,0,0
P0516,49.971,120.377,0.992,34.534,1.991,0.5254,76.821,200.573,0,0
P0517,49.953,110.874,2.147,34.953,3.006,0.8448,55.193,206.051,1,2
P0518,49.41,121.556,1.792,43.04,3.048,0.3959,54.004,220.973,1,4
P0519,50.06,120.561,1.16,36.56,2.081,0.4762,76.018,200.52,0,0
P0520,50.371,117.075,3.333,43.44,2.227,0.7252,55.557,182.293,1,2
P0521,50.047,123.832,1.802,32.999,2.671,0.5148,62.795,177.679,1,4
P0522,49.988,118.929,1.024,32.399,1.553,0.5513,79.264,196.345,0,0
P0523,49.883,124.783,2.181,39.467,3.12,0.5782,55.088,158.786,1,3
P0524,50.297,118.479,1.928,40.047,2.584,0.6169,76.179,207.417,1,1
P0525,49.59,119.351,1.646,47.431,4.138,0.6064,63.396,195.557,1,4
P0526,49.716,127.18,2.286,43.941,2.864,0.5429,52.74,186.651,1,3
P0527,49.945,121.69,1.369,34.771,1.374,0.4593,81.041,205.082,0,0
P0528,49.865,119.388,3.022,33.415,3.597,0.4289,57.204,206.087,1,2
P0529,49.88,119.805,1.583,32.021,1.627,0.4754,75.463,195.453,0,0
P0530,50.098,116.51,1.34,33.322,1.862,0.6009,68.833,205.022,0,0
P0531,49.724,120.587,1.489,39.242,1.478,0.5038,70.365,200.632,0,0
P0532,50.16,118.761,2.622,28.378,4.074,0.5816,69.408,199.675,1,2
P0533,50.003,121.27,1.841,35.121,1.86,0.5472,76.161,216.918,0,0
P0534,50.756,114.73,1.999,44.778,2.627,0.6263,56.46,195.265,1,1
P0535,51.079,118.285,1.371,36.336,2.933,0.572,62.189,153.879,1,3
P0536,50.527,123.171,2.077,38.605,2.033,0.701,82.116,186.093,1,1
P0537,50.997,110.508,1.36,30.388,3.323,0.5073,63.936,169.569,1,1
P0538,50.631,117.281,2.134,45.957,2.967,0.6211,60.914,194.308,1,1
P0539,49.823,128.362,3.193,33.506,3.682,0.5183,57.624,185.272,1,2
P0540,50.486,129.347,2.037,31.422,2.03,0.6076,70.217,188.641,1,1
P0541,50.179,120.55,2.627,35.995,4.067,0.6949,73.632,203.079,1,2
P0542,50.135,117.475,2.304,56.91,4.07,0.6044,57.067,201.371,1,4
P0543,50.154,118.839,1.281,30.973,2.024,0.4697,77.734,205.091,0,0
P0544,50.207,118.441,1.438,31.812,1.756,0.4781,72.428,205.27,0,0
P0545,50.092,118.5,1.008,30.662,1.584,0.5559,80.973,202.218,0,0
P0546,50.034,121.113,1.732,34.643,1.612,0.5212,79.797,205.531,0,0
P0547,49.322,125.263,1.63,41.629,2.418,0.5293,73.16,186.977,1,1
P0548,49.707,128.69,1.68,NaN,2.25,0.709,65.982,225.106,1,1
P0549,50.418,119.457,2.141,41.273,2.188,0.4823,69.162,171.553,1,1
P0550,49.822,116.737,1.274,36.456,1.83,0.5205,77.876,200.525,0,0
P0551,49.779,121.793,1.088,33.304,1.435,0.5374,77.489,205.949,0,0
P0552,49.847,120.746,1.411,41.399,2.03,0.5781,46.938,171.738,1,3
P0553,49.271,120.795,1.711,38.07,3.014,0.5837,51.668,159.645,1,3
P0554,49.945,114.916,2.324,27.141,2.26,0.6839,55.708,183.948,1,2
P0555,49.778,122.275,1.163,34.168,1.466,0.5587,72.376,197.466,0,0
P0556,50.167,122.474,2.241,46.68,4.678,0.7279,73.888,159.759,1,4
P0557,49.966,120.625,2.16,35.054,1.49,0.7416,64.761,195.271,1,2
P0558,50.304,119.266,1.19,31.92,1.808,0.5354,80.702,208.327,0,0
P0559,49.963,121.611,1.069,33.468,1.754,0.5284,72.722,204.93,0,0
P0560,49.895,117.546,0.866,34.301,0.856,0.5212,79.476,195.866,0,0
P0561,NaN,123.326,1.689,NaN,2.427,0.5587,53.789,188.529,1,3
P0562,49.94,117.427,1.284,36.304,1.678,0.5691,77.089,200.343,0,0
P0563,49.887,118.116,1.693,52.739,3.874,0.6644,62.189,181.767,1,4
P0564,49.952,118.519,1.683,40.613,NaN,0.642,60.317,192.386,1,4
P0565,50.286,120.178,1.028,34.016,1.859,0.4554,78.272,200.594,0,0
P0566,50.106,120.005,1.225,30.599,1.974,NaN,76.901,192.171,0,0
P0567,50.253,119.102,1.423,34.435,1.577,0.5497,79.053,216.332,0,0
P0568,49.894,126.092,1.988,43.58,1.681,0.6321,61.914,201.418,1,3
P0569,49.799,110.273,2.229,40.756,2.597,0.6696,61.705,NaN,1,1
P0570,50.145,121.519,1.142,32.571,1.5,0.5339,82.853,209.967,0,0
P0571,50.049,117.944,0.943,27.886,1.632,0.5574,76.303,196.735,0,0
P0572,50.002,116.899,2.281,38.028,1.941,0.6903,61.054,175.918,1,2
P0573,50.2,113.494,2.091,28.037,2.769,0.5799,63.837,170.354,1,1
P0574,50.012,120.062,1.114,36.239,1.133,0.5284,75.094,207.809,0,0
P0575,49.928,117.304,1.292,33.828,2.163,0.5397,80.393,203.358,0,0
P0576,50.554,125.51,1.578,39.208,2.73,0.5786,67.328,188.895,1,1
P0577,50.064,122.967,1.339,35.261,2.059,0.5017,74.622,205.95,0,0
P0578,49.828,119.49,1.034,37.182,3.975,0.7582,55.329,153.866,1,3
P0579,49.963,118.331,1.1,36.563,1.524,0.5311,78.594,205.277,0,0
P0580,49.952,118.404,0.862,32.432,1.358,0.5143,76.905,203.167,0,0
P0581,49.513,120.773,1.692,35.85,2.244,0.5686,69.225,182.08,1,1
P0582,50.091,118.991,1.255,30.995,1.667,0.617,56.018,169.908,1,3
P0583,50.583,125.607,1.45,37.295,2.592,0.502,57.017,190.677,1,1
P0584,49.76,116.642,2.732,45.507,2.579,0.6726,54.781,198.491,1,2
P0585,50.129,115.569,1.306,34.855,1.52,0.485,75.795,216.908,0,0
P0586,49.931,121.393,1.555,26.062,0.985,0.5381,78.967,201.019,0,0
P0587,50.028,121.184,1.858,36.166,1.961,0.5705,80.004,220.872,0,0
P0588,50.938,124.941,2.107,39.829,2.8,0.535,62.564,168.873,1,1
P0589,50.124,122.499,3.061,34.759,3.115,0.6063,65.662,171.795,1,2
P0590,49.925,119.527,1.043,29.945,2.027,0.5172,70.199,202.268,0,0
P0591,50.295,126.754,1.939,47.396,3.434,0.2979,59.868,209.68,1,2
P0592,49.87,121.239,1.453,33.979,1.306,0.5274,74.53,207.909,0,0
P0593,49.805,112.688,1.933,46.595,2.561,0.7031,66.354,220.04,1,1
P0594,49.609,119.853,1.468,38.379,2.429,0.5202,73.426,216.972,0,0
P0595,49.658,122.962,1.303,30.447,1.888,0.4407,74.044,198.313,0,0
P0596,50.074,120.973,1.143,34.552,2.153,0.5467,70.3,206.635,0,0
P0597,50.608,117.665,2.772,45.361,2.032,0.3672,61.514,204.513,1,2
P0598,50.004,119.168,1.161,31.829,1.846,0.6035,74.336,198.4,0,0
P0599,50.187,118.768,1.28,37.016,2.096,0.6514,50.842,182.814,1,3
P0600,50.266,120.384,1.346,38.874,2.023,0.6566,69.262,197.772,1,1
P0601,49.692,119.528,2.651,45.679,2.372,0.5677,79.601,171.817,1,2
P0602,50.063,119.183,1.403,34.373,2.118,0.5534,80.229,200.216,0,0
P0603,49.93,122.595,1.521,37.845,1.883,0.4776,75.31,195.429,0,0
P0604,49.86,120.275,2.435,40.449,2.909,0.4971,37.584,175.611,1,3
P0605,49.915,120.915,1.331,31.141,2.127,0.5008,75.558,212.575,0,0
P0606,50.637,NaN,1.612,34.327,0.764,0.4004,56.875,187.553,1,1
P0607,49.86,118.265,1.279,31.18,1.758,0.4935,72.275,202.311,0,0
P0608,49.225,121.944,2.477,43.618,2.802,0.6445,52.786,191.319,1,4
P0609,50.198,120.028,1.322,35.651,1.122,0.5015,77.538,224.408,0,0
P0610,49.907,114.816,2.436,46.781,3.673,0.5544,74.379,160.115,1,4
P0611,49.76,118.453,1.199,40.457,1.647,0.4549,73.399,188.552,0,0
P0612,50.06,124.149,1.591,34.278,1.618,0.5302,81.595,204.088,0,0
P0613,49.789,120.922,1.821,34.759,2.801,0.643,76.924,191.253,1,2
P0614,50.01,117.452,2.079,38.772,3.851,0.643,61.942,207.722,1,4
P0615,50.386,126.204,1.895,35.753,4.642,0.6498,51.573,185.252,1,4
P0616,49.92,119.82,1.265,31.719,1.511,0.491,73.721,207.894,0,0
P0617,49.854,123.33,2.225,38.007,2.891,0.569,68.017,180.271,1,2
P0618,49.605,120.339,1.539,41.081,3.102,0.6799,82.327,175.421,1,4
P0619,50.355,125.397,2.361,35.622,1.22,0.513,50.293,144.454,1,3
P0620,49.416,127.106,1.97,39.993,2.359,0.4469,76.076,173.716,1,1
P0621,49.933,119.932,1.232,29.992,1.874,0.5391,75.536,197.521,0,0
P0622,49.945,117.812,2.028,44.909,3.539,0.7042,68.205,190.473,1,2
P0623,50.548,130.212,1.968,50.451,0.614,0.5522,89.012,181.345,1,1
P0624,49.524,117.139,2.365,36.041,2.889,0.644,52.016,173.511,1,3
P0625,50.619,124.347,1.832,45.671,0.48,0.7035,49.361,202.086,1,1
P0626,49.966,115.929,1.858,37.714,4.463,0.5294,62.074,187.35,1,4
P0627,50.179,119.751,1.337,32.845,2.256,0.5329,80.955,206.934,0,0
P0628,49.665,120.671,1.236,37.084,2.544,NaN,73.799,190.946,0,0
P0629,49.463,112.431,1.626,34.235,4.164,0.6336,63.997,221.699,1,4
P0630,50.183,119.885,3.567,42.503,3.045,0.794,76.343,199.237,1,2
P0631,50.047,120.338,1.321,35.173,1.523,0.5086,74.301,196.997,0,0
P0632,49.954,121.022,1.338,30.51,1.748,0.5489,77.363,209.7,0,0
P0633,49.743,119.9,1.28,39.804,1.302,0.5368,78.274,205.936,0,0
P0634,49.377,120.254,2.389,38.538,4.181,0.7373,50.166,169.211,1,3
P0635,49.978,121.575,1.411,25.063,2.149,0.5738,54.131,165.598,1,3
P0636,50.046,123.211,3.515,36.001,3.359,0.7315,64.706,183.489,1,2
P0637,49.892,119.258,1.302,37.659,1.284,0.4932,74.917,201.932,0,0
P0638,49.429,109.314,1.844,40.019,3.517,NaN,68.202,207.154,1,1
P0639,50.084,122.346,3.475,36.703,2.968,0.6296,47.783,210.622,1,2
P0640,49.832,119.259,1.806,42.939,3.134,0.6041,53.492,175.435,1,4
P0641,49.511,121.165,2.174,43.392,2.881,0.5847,52.951,151.408,1,3
P0642,49.682,125.416,2.198,41.786,2.867,0.6189,49.148,182.556,1,2
P0643,49.971,119.114,1.252,31.495,1.767,0.485,79.285,200.687,0,0
P0644,50.146,121.121,1.151,33.905,1.295,0.4858,79.301,203.155,0,0
P0645,49.969,120.822,1.289,37.007,1.276,0.4961,74.569,201.313,0,0
P0646,49.972,119.931,1.376,33.089,2.051,0.5004,72.404,213.285,0,0
P0647,50.205,121.093,1.148,35.326,1.695,0.522,75.871,205.55,0,0
P0648,50.274,118.696,1.209,35.34,1.809,0.4948,77.457,214.399,0,0
P0649,50.034,120.052,0.91,31.807,1.939,0.5124,74.267,211.169,0,0
P0650,50.038,122.175,1.181,31.502,1.81,0.5673,70.093,216.213,0,0
P0651,49.651,118.102,2.227,30.666,3.44,0.6849,53.588,149.122,1,3
P0652,50.683,126.1,3.024,31.872,1.495,0.5752,65.415,183.697,1,2
P0653,50.08,120.891,1.326,33.339,1.551,0.516,76.017,207.17,0,0
P0654,49.389,120.332,2.332,40.385,2.068,0.4496,61.339,199.47,1,2
P0655,49.625,119.024,1.347,29.85,1.353,0.5488,76.431,204.122,0,0
P0656,50.182,120.94,1.32,29.926,0.845,0.4941,80.697,204.845,0,0
P0657,50.392,117.33,2.592,43.757,2.636,0.6318,66.029,204.081,1,2
P0658,50.071,120.371,1.351,34.391,1.885,0.5171,82.239,197.973,0,0
P0659,49.919,117.997,2.3,56.062,4.202,0.4999,70.566,185.73,1,4
P0660,49.936,124.532,1.616,38.114,1.758,0.661,61.923,179.725,1,1
P0661,50.01,120.871,1.644,47.986,3.26,0.5567,62.802,191.372,1,4
P0662,50.145,117.116,1.18,37.11,1.949,0.4969,75.772,195.71,0,0
P0663,49.942,120.554,0.715,31.677,1.617,0.5061,81.103,196.973,0,0
P0664,49.883,122.394,1.299,35.23,0.941,0.5311,77.412,196.799,0,0
P0665,49.991,117.37,1.627,35.624,1.595,0.5073,78.104,198.083,0,0
P0666,51.978,107.549,1.24,34.765,3.101,0.6605,61.216,199.53,1,1
P0667,49.657,119.874,1.428,44.551,3.399,0.6949,44.886,161.5,1,3
P0668,49.782,119.945,1.093,32.459,1.387,0.5247,73.529,214.012,0,0
P0669,49.793,119.532,1.195,31.863,1.053,0.5518,75.313,209.798,0,0
P0670,49.869,124.156,1.947,37.402,4.279,0.3794,67.224,162.494,1,3
P0671,48.857,117.86,3.222,39.125,4.014,0.8103,61.641,203.895,1,2
P0672,50.349,123.385,2.074,34.251,1.305,0.6647,54.488,181.594,1,3
P0673,50.006,113.335,2.165,43.122,3.135,0.7789,57.695,200.454,1,2
P0674,49.864,120.259,1.123,34.473,1.738,0.5357,74.239,197.061,0,0
P0675,49.853,119.5,2.093,49.478,2.511,0.6223,61.573,174.95,1,2
P0676,49.769,122.405,-2.983,34.621,1.638,0.5114,74.069,201.15,0,0
P0677,49.924,129.896,1.784,31.336,1.844,0.6923,59.07,178.051,1,3
P0678,50.675,121.646,2.201,NaN,2.058,0.4855,69.609,176.913,1,1
P0679,49.745,115.946,1.526,39.233,3.016,0.6207,62.593,186.809,1,3
P0680,49.775,123.767,1.039,34.114,2.271,0.4675,77.425,198.614,0,0
P0681,49.734,122.922,1.483,38.327,1.3,0.5097,75.686,199.203,0,0
P0682,50.138,117.474,1.595,37.92,3.343,0.6714,67.878,176.941,1,4
P0683,50.547,117.015,1.733,41.471,1.6,0.5659,72.059,184.502,1,4
P0684,50.042,113.875,1.834,39.655,2.332,0.5654,68.343,194.265,1,1
P0685,49.967,120.853,1.454,33.84,1.669,0.5502,73.801,202.836,0,0
P0686,50.086,120.667,1.003,32.117,1.749,0.5895,79.994,202.893,0,0
P0687,49.926,119.163,1.137,35.566,1.913,-0.2835,70.793,208.547,0,0
P0688,49.826,121.792,1.559,34.36,1.945,0.5261,81.069,209.568,0,0
P0689,50.06,122.728,1.247,33.594,1.511,NaN,69.818,205.073,0,0
P0690,50.147,122.629,1.508,31.771,1.968,0.4399,75.174,191.52,0,0
P0691,50.047,121.719,1.412,31.632,1.395,0.4954,72.255,193.282,0,0
P0692,49.672,124.576,2.744,39.162,2.99,0.7162,71.51,212.549,1,2
P0693,50.063,112.494,1.343,38.505,1.746,0.5321,52.526,170.56,1,1
P0694,50.739,123.999,2.548,36.699,2.006,0.5306,59.311,176.484,1,2
P0695,50.322,118.061,1.483,34.639,1.504,0.5114,70.673,205.663,0,0
P0696,50.762,130.128,1.497,36.292,3.089,0.5539,63.733,200.602,1,1
P0697,50.045,120.785,1.212,34.825,1.861,0.5264,72.695,210.808,0,0
P0698,49.982,120.9,2.209,36.506,1.833,0.634,46.281,194.615,1,3
P0699,50.695,123.29,1.676,56.611,5.795,0.6369,62.953,171.986,1,4
P0700,50.15,116.01,1.305,40.909,2.699,0.5809,51.282,185.566,1,3
P0701,50.267,117.651,2.64,44.151,2.883,0.6197,61.426,173.652,1,4
P0702,50.091,120.549,1.198,26.986,1.416,0.5321,76.461,200.889,0,0
P0703,50.16,121.117,0.851,36.34,1.344,0.4907,74.49,218.125,0,0
P0704,49.611,NaN,1.977,39.241,2.695,0.5509,55.814,172.596,1,1
P0705,49.841,116.428,2.487,25.579,1.637,0.6127,60.76,178.938,1,2
P0706,50.06,121.126,1.142,33.591,2.084,0.5946,78.933,202.424,0,0
P0707,49.768,118.709,1.865,45.646,3.238,0.6796,68.583,196.774,1,4
P0708,50.332,123.526,1.311,29.65,1.632,0.5138,80.297,202.735,0,0
P0709,49.799,121.627,1.711,34.143,1.877,0.4986,72.683,201.791,0,0
P0710,48.943,116.188,1.792,34.697,2.537,0.6154,NaN,202.693,1,1
P0711,49.576,NaN,1.458,41.473,4.364,0.6417,62.403,183.48,1,1
P0712,49.928,119.789,1.563,38.758,NaN,0.5639,NaN,205.771,0,0
P0713,50.384,119.464,1.846,34.504,3.76,0.744,69.675,190.943,1,4
P0714,50.182,118.706,1.157,36.748,1.891,0.5127,82.805,206.327,0,0
P0715,50.222,121.635,1.183,33.482,1.021,0.5811,78.915,207.383,0,0
P0716,50.063,127.635,1.822,33.005,3.719,0.6714,NaN,143.697,1,3
P0717,49.989,119.903,2.772,38.47,2.506,0.6872,48.227,191.1,1,3
P0718,50.346,117.114,1.211,33.953,1.402,0.478,78.686,197.833,0,0
P0719,50.172,124.605,3.374,38.3,3.306,0.5642,55.555,183.84,1,2
P0720,49.846,120.379,1.191,32.409,1.655,0.5239,78.068,204.23,0,0
P0721,49.855,120.645,1.272,30.706,1.551,0.5648,75.981,214.139,0,0
P0722,50.121,120.423,1.089,32.421,1.504,0.5142,76.434,206.258,0,0
P0723,49.898,124.049,0.93,32.914,1.934,0.5444,79.486,203.869,0,0
P0724,50.007,120.471,1.31,35.883,1.833,0.4808,79.666,192.082,0,0
P0725,49.911,125.258,2.451,33.094,2.444,0.5445,48.208,146.476,1,3
P0726,50.082,121.121,1.508,33.403,1.2,0.5237,75.999,209.439,0,0
P0727,50.194,120.399,1.716,46.167,1.314,0.6065,51.008,175.808,1,3
P0728,49.898,118.016,1.916,35.995,3.191,0.558,72.18,200.29,1,2
P0729,49.79,124.864,NaN,38.648,3.873,0.6557,62.156,199.541,1,4
P0730,50.174,121.046,0.752,34.924,1.504,0.4852,81.53,203.795,0,0
P0731,49.112,116.3,1.887,34.383,3.788,0.5452,60.644,187.652,1,1
P0732,49.876,121.11,1.292,25.405,2.265,0.5312,77.552,208.32,0,0
P0733,49.811,124.65,1.86,42.418,3.435,0.79,48.955,215.82,1,4
P0734,49.993,117.825,1.413,39.287,1.639,0.6708,42.948,176.799,1,3
P0735,50.025,121.797,0.76,30.74,1.855,0.5033,74.294,206.98,0,0
P0736,50.112,121.181,2.048,45.309,2.163,0.5548,75.978,194.627,1,2
P0737,49.977,120.474,0.93,35.865,1.74,0.5732,83.619,214.418,0,0
P0738,50.001,118.943,1.36,34.167,1.423,0.4738,70.51,206.526,0,0
P0739,50.126,122.729,1.557,33.122,1.11,0.5404,74.721,196.266,0,0
P0740,49.664,118.831,1.497,38.509,1.388,0.5524,74.567,207.157,0,0
P0741,49.159,112.999,1.144,47.1,2.913,0.6804,58.52,191.011,1,3
P0742,49.902,119.595,2.742,33.813,2.578,0.5525,79.019,221.489,1,2
P0743,49.759,118.771,1.621,48.115,3.239,0.5565,77.968,207.814,1,4
P0744,49.821,118.652,0.987,34.484,1.739,0.5228,78.325,205.354,0,0
P0745,50,119.116,1.416,31.741,1.617,0.511,75.287,206.723,0,0
P0746,50.235,120.406,1.324,29.718,1.568,0.5148,78.154,198.71,0,0
P0747,49.948,120.792,1.507,38.226,1.801,0.5156,75.807,208.249,0,0
P0748,50.07,120.794,1.47,32.736,1.725,0.5381,74.735,221.075,0,0
P0749,49.525,113.833,1.454,31.333,2.284,0.6232,67.307,179.923,1,1
P0750,49.534,124.685,2.338,34.793,2.351,0.5462,58.224,174.989,1,3
P0751,49.982,122.919,2.685,39.8,3.576,0.3996,68.113,213.876,1,2
P0752,49.657,121.582,1.192,33.149,1.715,0.5142,74.811,196.899,0,0
P0753,49.748,121.707,1.978,40.481,3.012,0.548,71.926,181.715,1,1
P0754,49.002,116.69,2.609,43.906,1.717,0.6039,78.851,185.949,1,1
P0755,49.861,119.073,1.449,36.449,1.586,0.5742,73.84,209.73,0,0
P0756,50.252,120.857,2.054,41.366,3.983,0.5257,47.965,151.567,1,3
P0757,49.873,118.532,1.454,33.459,1.571,0.5668,76.042,208.593,0,0
P0758,51.286,119.213,1.42,45.306,2.037,0.5206,54.375,184.2,1,1
P0759,49.732,121.235,1.31,33.959,1.158,0.5226,71.175,195.158,0,0
P0760,49.797,120.256,1.788,39.959,2.361,0.4816,35.636,152.719,1,3
P0761,50.131,110.115,2.126,39.172,3.605,0.5816,77.771,171.749,1,2
P0762,49.824,115.257,2.669,38.161,3.039,0.4795,66.639,148.863,1,2
P0763,49.618,115.245,1.899,38.858,4.215,0.5487,60.855,200.639,1,4
P0764,49.973,117.673,1.744,35.071,1.664,0.4964,79.796,207.065,0,0
P0765,50.365,122.882,1.764,37.473,3.126,0.662,64.603,173.769,1,3
P0766,49.862,120.322,1.332,39.467,1.478,0.5989,77.392,207.65,0,0
P0767,49.748,120.139,0.895,39.741,1.683,0.5129,80.11,209.402,0,0
P0768,49.275,115.34,2.061,54.275,4.334,0.6503,59.109,190.675,1,4
P0769,49.992,120.281,1.324,38.803,1.75,0.5242,70.627,209.3,0,0
P0770,49.485,119.332,1.886,48.086,3.232,0.6331,55.879,187.962,1,3
P0771,49.979,123.066,1.372,36.061,1.179,0.4953,70.199,207.028,0,0
P0772,50.084,118.244,1.617,30.069,1.276,0.4971,78.107,204.445,0,0
P0773,50.175,120.364,1.149,34.158,1.501,0.5331,79.086,212.629,0,0
P0774,50.173,116.686,1.895,30.775,2.644,0.5746,54.175,186.368,1,3
P0775,50.39,112.775,1.428,29.791,0.842,0.4811,-25.829,204.346,1,1
P0776,50.321,126.126,0.983,36.767,3.585,0.6459,42.501,144.898,1,3
P0777,50.349,122.658,2.305,34.758,3.489,0.6706,57.687,196.038,1,2
P0778,50.341,118.685,1.477,34.314,1.561,0.4994,75.167,205.355,0,0
P0779,49.608,118.586,1.292,39.086,1.796,0.5791,79.779,217.305,0,0
P0780,50.025,118.368,1.42,34.796,1.866,0.5289,73.306,208.834,0,0
P0781,50.139,116.799,1.264,35.63,1.815,0.5463,77.404,215.348,0,0
P0782,49.942,122.841,1.195,36.23,2.133,0.4673,75.283,207.546,0,0
P0783,50.185,116.641,1.933,38.621,1.56,0.6048,55.417,182.839,1,3
P0784,50.144,120.824,1.461,33.813,1.568,0.5139,72.831,201.565,0,0
P0785,50.2,117.615,1.35,33.506,1.861,0.5196,70.466,203.98,0,0
P0786,49.849,118.212,1.254,32.547,1.163,0.5227,77.848,207.839,0,0
P0787,50.059,NaN,1.049,28.509,1.362,0.4957,84.623,211.538,0,0
P0788,49.743,118.731,2.072,43.564,0.533,0.4906,65.747,193.383,1,2
P0789,50.278,120.987,1.026,32.593,1.506,0.5431,80.685,202.731,0,0
P0790,50.1,119.465,1.294,29.532,2.258,0.6789,54.801,182.76,1,3
P0791,49.594,122.102,1.944,45.939,3.2,0.5759,60.834,151.04,1,3
P0792,50.174,122.005,1.43,29.626,1.544,0.5659,74.887,205.268,0,0
P0793,49.917,120.61,1.665,44.591,3.107,0.5994,73.872,171.436,1,4
P0794,50.584,124.173,2.29,38.074,1.606,0.6464,NaN,182.78,1,3
P0795,50.398,123.474,2.521,34.111,4.728,0.6922,49.879,198.6,1,3
P0796,49.79,118.643,1.902,37.313,2.995,0.5837,40.006,144.77,1,3
P0797,49.875,NaN,1.494,35.786,1.594,0.504,77.943,205.841,0,0
P0798,50.02,120.059,1.141,35.521,1.967,0.4737,75.685,190.434,0,0
P0799,NaN,115.421,1.625,39.652,2.97,0.5904,71.154,179.052,1,1
P0800,49.984,122,2.002,33.18,4.517,0.5663,53.002,193.98,1,2
P0801,49.696,123.577,1.215,45.766,3.416,0.6575,45.473,171.197,1,4
P0802,50.025,120.223,1.587,31.067,1.798,0.5551,73.366,212.187,0,0
P0803,50.145,123.163,1.237,34.645,1.715,0.5653,74.46,201.943,0,0
P0804,49.991,121.395,0.989,45.836,1.195,0.4809,73.906,200.032,0,0
P0805,49.927,120.916,1.242,38.846,1.662,0.5543,74.727,197.803,0,0
P0806,49.902,120.871,3.323,30.815,2.367,0.7597,70.979,160.674,1,2
P0807,50.103,118.03,1.273,34.405,1.896,0.5114,74.954,213.335,0,0
P0808,50.215,122.088,1.415,36.284,1.837,0.4947,77.764,214.477,0,0
P0809,NaN,121.555,1.525,34.311,2.204,0.5345,78.844,199.197,0,0
P0810,50.161,117.204,1.036,32.282,1.632,0.5217,77.346,203.977,0,0
P0811,49.762,119.821,1.178,31.259,1.208,0.4987,80.533,206.447,0,0
P0812,50.061,128.427,2.573,29.587,2.425,0.6843,55.803,189.129,1,2
P0813,50.174,122.557,1.322,32.718,1.741,0.5041,72.301,219.101,0,0
P0814,50.062,120.29,1.467,32.069,1.665,0.562,80.215,205.572,0,0
P0815,49.747,123.237,1.622,36.261,1.55,0.5667,49.61,181.072,1,3
P0816,49.742,121.651,3.427,38.44,2.918,0.596,74.267,163.588,1,2
P0817,49.937,112.841,2.218,46.007,2.884,0.5467,70.555,184.77,1,1
P0818,49.569,111.818,2.161,44.29,2.805,0.504,67.031,193.092,1,4
P0819,49.79,120.04,1.602,34.922,2.772,0.5915,60.846,198.778,1,1
P0820,50.1,119.362,NaN,35.56,1.341,0.5367,74.525,200.164,0,0
P0821,49.976,122.911,2.27,38.026,2.02,0.4858,42.608,195.41,1,2
P0822,50.083,119.971,1.238,29.552,1.269,0.5186,73.896,211.353,0,0
P0823,50.092,123.534,1.67,40.869,3.245,0.7444,58.413,169.77,1,3
P0824,49.848,122.671,1.147,37.346,1.845,0.4587,70.549,206.313,0,0
P0825,NaN,121.323,2.179,35.87,1.16,0.4983,74.158,200.471,1,1
P0826,50.145,124.405,2.394,42.459,2.883,0.6474,68.198,193.939,1,1
P0827,50.4,121.896,1.46,33.338,1.386,0.5657,75.903,205.625,0,0
P0828,50.159,117.608,1.409,35.938,1.524,0.4769,73.857,210.857,0,0
P0829,50.035,120.448,1.404,33.569,2.008,0.5316,74.446,193.372,0,0
P0830,50.141,122.915,1.685,35.882,3.574,0.6234,70.2,204.195,1,1
P0831,50.39,120.866,2.294,40.191,1.833,0.613,58.879,196.088,1,2
P0832,49.537,122.171,1.472,30.418,3.527,0.6239,57.376,181.735,1,4
P0833,50.036,115.175,1.047,32.228,1.933,0.475,74.679,203.976,0,0
P0834,49.805,125.065,2.345,51.697,4.401,0.5628,53.739,192.071,1,4
P0835,49.803,117.292,1.475,37.216,3.059,0.6109,NaN,191.979,1,1
P0836,49.767,117.383,1.771,38.204,0.647,0.5827,78.339,187.989,0,0
P0837,49.938,121.172,1.101,36.014,2.249,0.5481,74.21,205.795,0,0
P0838,50.226,119.257,0.979,31.642,1.506,0.5452,75.838,206.738,0,0
P0839,50.161,126.703,3.256,39.091,3.15,0.6428,73.354,186.066,1,2
P0840,50.169,116.42,2.952,46.061,1.923,0.5206,84.19,183.014,1,1
P0841,49.874,119.839,0.943,30.84,1.801,0.5691,74.963,212.746,0,0
P0842,50.074,122.177,1.582,35.083,1.638,0.5245,83.553,201.942,0,0
P0843,49.633,117.033,0.883,45.453,3.842,0.5626,65.277,158.966,1,4
P0844,49.688,117.687,1.801,22.851,2.849,0.7385,70.925,179.689,1,1
P0845,50.982,118.514,1.488,42.313,3.093,0.5839,56.522,188.987,1,1
P0846,50.026,116.198,1.346,29.946,1.662,0.5416,72.156,213.069,0,0
P0847,49.78,120.684,1.214,33.986,2.088,0.5202,81.72,209.152,0,0
P0848,49.765,125.731,2.112,37.196,2.964,0.5773,56.662,208.112,1,1
P0849,49.857,121.042,1.884,50.001,3.447,0.5668,46.03,180.646,1,3
P0850,49.95,121.304,1.275,31.724,1.768,0.5526,76.975,210.273,0,0
P0851,50.134,120.782,1.32,37.446,1.029,0.501,79.893,207.176,0,0
P0852,49.888,121.976,NaN,31.605,3.384,0.6672,69.011,189.235,1,3
P0853,49.662,123.89,1.94,47.461,2.021,0.5603,57.152,190.553,1,1
P0854,50.749,116.758,1.288,27.082,3.723,0.4898,63.702,192.348,1,1
P0855,50.141,118.971,2.178,44.805,2.448,0.6323,49.499,186.791,1,3
P0856,50.276,124.331,1.105,35.306,1.668,0.5043,69.653,203.628,0,0
P0857,49.788,120.611,1.564,50.327,3.13,0.6247,54.375,199.489,1,4
P0858,49.898,125.325,1.278,35.896,2.072,0.5509,62.468,187.021,1,1
P0859,50.017,119.165,1.259,31.319,1.636,0.4832,76.038,197.868,0,0
P0860,50.112,121.029,1.392,32.14,0.968,0.498,75.84,211.603,0,0
P0861,50.222,118.735,1.944,38.908,2.973,0.6526,53.104,180.007,1,2
P0862,49.834,122.797,2.467,38.753,4.9,0.672,70.311,187.094,1,4
P0863,50.033,122.222,1.237,32.886,2.035,0.5347,75.935,202.334,0,0
P0864,50.044,116.327,1.744,46.422,4.566,NaN,54.137,192.678,1,4
P0865,50.023,119.017,1.236,27.082,1.564,0.5508,70.035,205.829,0,0
P0866,49.892,119.539,1.18,32.984,1.816,0.518,74.139,205.136,0,0
P0867,49.947,123.036,2.972,43.583,3.292,0.4926,67.694,164.778,1,2
P0868,50.114,120.676,1.26,40.148,1.386,0.5503,78.017,210.426,0,0
P0869,50.115,119.324,1.358,35.044,1.411,0.5216,78.572,212.542,0,0
P0870,49.865,116.122,1.672,37.083,2.399,0.6187,63.629,202.947,1,4
P0871,50.11,124.352,2.575,46.767,1.854,0.4864,64.138,165.599,1,2
P0872,51.246,125.187,0.957,45.027,2.66,0.6093,53.263,217.859,1,1
P0873,49.252,NaN,1.948,29.201,1.99,0.7152,57.034,181.185,1,1
P0874,49.971,122.419,1.221,27.99,2.129,0.5502,80.681,209.771,0,0
P0875,49.711,114.536,1.662,47.537,3.93,0.6973,61.517,203.954,1,4
P0876,50.377,122.271,1.915,34.17,2.366,0.5648,41.009,189.442,1,3
P0877,50.023,118.138,1.271,32.901,1.369,0.5397,74.71,201.996,0,0
P0878,50.166,121.394,1.365,37.554,1.965,0.4989,73.613,205.143,0,0
P0879,50.128,115.096,1.722,53.681,3.101,0.6481,54.937,182.065,1,4
P0880,49.865,120.231,1.55,49.54,2.991,0.6209,77.769,172.818,1,4
P0881,50.267,118.517,0.93,NaN,1.8,0.4876,76.225,208.936,0,0
P0882,50.238,114.469,1.419,37.836,1.934,0.5088,75.875,208.629,0,0
P0883,50.052,119.957,1.34,34.108,1.844,0.5072,76.889,191.377,0,0
P0884,49.662,121.292,2.229,31.015,2.069,0.645,NaN,181.082,1,2
P0885,49.906,119.061,1.035,31.691,2.006,0.4806,71.689,198.962,0,0
P0886,49.867,121.437,1.089,37.986,1.527,0.4833,77.217,201.81,0,0
P0887,49.983,122.098,1.392,36.332,1.405,0.4958,76.068,199.927,0,0
P0888,50.014,119.45,1.446,31.701,1.711,0.483,74.685,209.797,0,0
P0889,49.786,121.34,2.656,28.389,2.1,0.5952,63.699,194.94,1,2
P0890,49.785,111.275,1.529,48.451,3.877,0.5368,63.479,159.426,1,4
P0891,50.41,117.101,2.443,35.14,4.246,0.6007,67.862,173.365,1,4
P0892,49.512,122.705,2.503,31.633,2.298,0.5722,67.425,200.268,1,2
P0893,50.135,120.385,0.958,30.91,1.702,0.4573,80.579,209.683,0,0
P0894,50.19,123.752,1.102,30.431,1.98,0.4844,76.249,199.961,0,0
P0895,50.373,123.731,2.487,33.253,3.641,0.6613,71.895,168.707,1,1
P0896,49.676,118.783,2.11,39.526,3.461,0.6298,45.099,170.041,1,3
P0897,49.83,118.685,1.46,51.261,3.384,0.6369,72.903,164.367,1,4
P0898,50.104,120.002,2.119,46.284,3.918,0.5163,64.672,192.907,1,4
P0899,49.404,115.124,1.742,41.007,2.203,0.6346,62.734,191.162,1,1
P0900,50.92,115.158,2.458,45.867,2.684,0.6275,75.642,174.779,1,1
P0901,50.034,124.387,2.84,44.819,4.08,0.5371,80.155,179.013,1,4
P0902,49.81,116.54,3.194,35.087,3.442,0.6488,72.987,192.653,1,2
P0903,49.762,120.859,1.463,34.596,1.515,0.551,77.316,204.053,0,0
P0904,50.047,122.154,1.395,33.174,1.705,0.5811,83.534,199.153,0,0
P0905,50.199,121.221,1.259,30.925,1.617,0.5905,63.837,193.277,0,0
P0906,50.008,120.266,1.518,35.581,1.389,0.4973,70.525,206.386,0,0
P0907,50.09,114.753,2.653,37.024,4.48,0.6559,65.026,208.897,1,2
P0908,49.847,NaN,1.581,30.511,2.125,0.5401,77.263,204.676,1,1
P0909,50.367,121.173,1.139,33.92,1.329,0.4845,72.055,200.987,0,0
P0910,50.697,119.484,1.703,42.872,4.177,0.4985,53.942,217.044,1,4
P0911,50.386,114.384,1.051,42.695,3.915,0.4602,67.803,196.944,1,4
P0912,50.535,119.375,2.5,32.015,3.405,0.5874,62.409,176.499,1,1
P0913,NaN,120.347,1.251,37.372,1.825,0.5264,71.249,211.804,0,0
P0914,50.316,123.796,1.112,46.82,4.383,0.8267,66.949,214.565,1,4
P0915,49.741,122.042,1.334,32.018,1.79,0.534,72.788,212.521,0,0
P0916,49.759,120.881,1.455,35.085,1.604,0.535,76.281,218.713,0,0
P0917,50.029,118.905,0.843,29.126,1.739,0.5086,78.214,191.635,0,0
P0918,49.822,121.109,1.383,34.789,1.41,0.5131,77.896,212.707,0,0
P0919,49.908,118.979,1.166,32.276,1.807,0.5214,76.046,208.344,0,0
P0920,49.988,117.446,1.171,36.322,1.936,0.5546,74.149,215.055,0,0
P0921,49.972,117.606,1.675,31.644,1.369,0.6152,79.845,205.683,0,0
P0922,50.35,111.745,2.016,53.998,3.239,0.6764,78.59,171.145,1,4
P0923,49.955,120.38,1.154,38.927,1.319,0.5059,75.925,216.455,0,0
P0924,49.929,115.739,2.372,31.641,3.498,0.6488,71.295,171.725,1,2
P0925,50.163,119.533,0.903,35.961,2.121,0.4636,79.588,204.532,0,0
P0926,49.913,121.664,1.214,34.212,1.796,0.5081,74.244,212.183,0,0
P0927,49.814,117.11,1.261,31.163,1.55,0.5137,72.208,199.408,0,0
P0928,50.272,116.831,1.235,47.818,4.147,0.6239,69.242,183.719,1,4
P0929,50.338,119.738,1.1,45.294,5.155,0.7012,51.126,88.307,1,4
P0930,49.856,120.425,2.975,35.873,2.93,0.6669,60.547,213.935,1,3
P0931,49.904,119.74,1.288,36.862,1.699,0.5242,71.26,203.455,0,0
P0932,NaN,121.728,1.243,37.027,2.438,0.533,72.76,202.346,0,0
P0933,49.756,121.375,2.09,NaN,1.672,0.5814,62.54,171.246,1,3
P0934,49.281,118.255,2.094,44.977,3.324,0.6761,74.97,178.812,1,1
P0935,49.787,116.465,1.219,36.098,1.337,0.5685,71.465,209.083,0,0
P0936,50.116,118.124,2.255,46.268,3.195,0.5097,57.043,214.58,1,4
P0937,50.043,122.129,0.966,33.815,1.455,0.5193,80.958,215.806,0,0
P0938,49.085,108.686,1.375,46.033,0.744,0.6374,65.694,158.442,1,1
P0939,50.277,124.128,2.263,40.206,4.187,0.6644,50.425,204.806,1,4
P0940,49.459,113.339,2.158,39.551,2.303,0.5698,53.805,200.275,1,1
P0941,49.975,116.778,1.462,30.828,1.556,0.5415,NaN,220.998,0,0
P0942,49.929,118.112,1.054,31.16,1.819,0.4744,70.99,197.795,0,0
P0943,50.206,118.778,1.079,34.24,1.152,0.5444,71.174,208.462,0,0
P0944,50.129,121.531,1.422,30.682,1.654,0.5083,82.96,214.496,0,0
P0945,49.829,113.537,2.068,40.395,2.069,0.7024,51.503,181.3,1,3
P0946,49.48,120.618,2.044,44.892,1.97,0.7404,46.111,180.537,1,3
P0947,49.865,122.372,1.9,38.986,3.605,0.5566,66.119,185.694,1,4
P0948,49.954,119.818,1.016,35.753,1.8,0.5172,74.928,203.246,0,0
P0949,49.992,120.077,1.145,37.87,1.917,0.5255,75.1,207.911,0,0
P0950,50.297,119.567,1.16,35.316,1.685,0.5069,80.244,208.198,0,0
P0951,49.407,125.366,1.532,49.09,2.182,0.6158,52.558,199.082,1,1
P0952,50.636,126.43,1.726,39.405,1.902,0.6638,65.779,186.444,1,1
P0953,50.128,117.883,1.726,39.167,2.715,0.5777,72.181,195.381,1,4
P0954,49.868,124.569,3.296,34.907,2.94,0.4567,64.202,233.623,1,2
P0955,50.678,120.944,1.413,52.507,3.707,0.6609,74.436,193.558,1,4
P0956,50.529,119.419,1.054,32.251,1.975,0.505,71.846,194.627,0,0
P0957,49.818,119.18,1.395,32.054,1.542,0.5721,77.504,211.802,0,0
P0958,50.067,122.047,2.237,39.245,1.911,0.5221,45.103,157.876,1,3
P0959,50.29,119.982,1.248,32.339,1.871,0.4616,73.931,210.565,0,0
P0960,49.774,112.479,1.749,28.76,2.32,0.6423,63.584,199.889,1,1
P0961,49.916,122.469,1.244,37.97,2.25,0.5695,74.296,206.862,0,0
P0962,50.246,121.149,1.597,33.995,1.849,0.5372,82.238,215.528,0,0
P0963,50.3,118.531,1.6,51.813,3.051,0.6898,74.986,195.536,1,4
P0964,NaN,119.082,1.741,35.853,0.893,0.7122,35.669,161.703,1,3
P0965,NaN,122.533,1.626,NaN,4.766,0.6843,64.92,209.875,1,4
P0966,50.106,122.029,1.616,36.343,1.627,0.5614,77.793,212.258,0,0
P0967,49.958,123.946,0.998,35.823,1.406,0.5106,77.784,203.125,0,0
P0968,51.063,122.958,2.195,40.265,2.608,0.7104,57.116,170.501,1,1
P0969,49.471,124.227,2.496,36.699,2.269,0.6081,58.126,177.197,1,2
P0970,49.994,120.9,1.073,30.119,1.814,0.5964,85.454,205.912,0,0
P0971,50.14,122.749,2.6,41.245,1.632,0.4898,76.864,209.871,1,2
P0972,50.236,122.778,1.28,35.559,2.005,0.4666,76.864,207.384,0,0
P0973,49.726,120.565,1.227,35.203,1.368,0.4876,73.837,210.676,0,0
P0974,49.964,117.727,1.723,32.911,1.65,0.5242,77.591,220.897,0,0
P0975,50.303,116.899,1.39,45.047,-4.07,0.7052,51.107,159.45,1,3
P0976,50.014,116.383,1.418,34.951,1.794,0.5555,77.601,217.398,0,0
P0977,49.349,121.235,2.449,39.952,2.182,0.5006,67.418,208.406,1,2
P0978,50.044,115.594,1.85,34.203,2.469,0.5539,56.089,156.834,1,3
P0979,50.078,118,3.112,39.262,3.018,0.6906,48.126,207.283,1,2
P0980,49.643,122.451,0.963,35.43,2.373,0.5668,77.22,203.274,0,0
P0981,50.294,118.334,1.199,34.039,1.394,0.5396,83.267,216.067,0,0
P0982,50.186,122.94,1.104,30.584,1.09,0.5099,73.712,198.168,0,0
P0983,49.744,108.473,1.376,46.856,2.559,0.5837,59.061,169.203,1,1
P0984,50.015,118.766,1.459,30.285,1.602,0.5306,77.997,199.229,0,0
P0985,50.097,119.905,1.067,33.347,1.715,0.5523,77.294,208.016,0,0
P0986,49.944,121.767,1.208,26.56,2.293,0.537,71.455,205.482,0,0
P0987,49.834,119.769,1.105,32.684,1.937,0.4652,NaN,203.353,0,0
P0988,50.251,112.711,2.676,38.754,2.058,0.7794,57.52,155.104,1,2
P0989,50.229,118.826,2.054,37.838,3.208,0.6692,66.844,187.108,1,2
P0990,50.182,116.639,1.557,33.013,1.636,0.4552,72.648,220.849,0,0
P0991,50.36,122.471,2.357,36.129,4.72,0.6432,67.01,169.079,1,4
P0992,49.932,121.607,1.327,31.94,1.401,0.5417,80.106,NaN,0,0
P0993,50.173,117.619,1.299,29.836,1.789,0.5605,77.467,203.739,0,0
P0994,50.029,119.173,1.221,38.453,1.598,0.5061,75.734,207.637,0,0
P0995,49.994,114.826,1.178,37.928,1.68,0.545,75.932,207.528,0,0
P0996,49.667,115.43,1.878,36.005,2.48,0.6842,58.525,191.671,1,1
P0997,49.589,118.792,1.155,38.047,2.897,0.548,63.643,183.866,1,1
P0998,50.042,118.684,1.443,31.922,1.554,NaN,80.695,205.876,0,0
P0999,49.991,115.812,1.399,39.385,3.947,0.4628,53.407,172.404,1,1
P1000,50.225,118.517,2.336,41.388,2.945,0.5361,61.18,189.967,1,2
P1001,49.909,119.544,1.481,29.118,1.629,0.5196,71.335,204.226,0,0
P1002,50.29,114.706,3.002,44.191,2.811,0.4841,60.377,195.744,1,2
P1003,50.214,116.654,1.27,33.668,1.037,0.5282,77.205,211.356,0,0
P1004,50.167,119.301,2.737,52.326,3.644,0.6522,58.374,192.633,1,4
P1005,50.087,119.624,1.088,35.51,1.798,0.525,73.536,206.121,0,0
P1006,50.01,121.136,1.001,34.717,1.555,0.611,80.805,210.271,0,0
P1007,49.804,114.683,2.65,42.417,3.887,0.5784,65.631,214.951,1,4
P1008,49.895,119.223,1.403,39.023,1.864,0.5468,80.156,213.602,0,0
P1009,49.971,120.939,1.504,31.69,0.872,0.516,76.196,203.625,0,0
P1010,50.125,123.389,1.457,41.321,2.291,0.6257,46.311,177.531,1,3
P1011,49.869,120.275,0.88,32.343,1.514,0.5381,80.369,199.231,0,0
P1012,50.209,120.387,1.278,34.339,1.901,0.4743,80.704,210.1,0,0
P1013,50.013,121.73,1.722,30.466,3.582,0.6108,62.469,182.275,1,4
P1014,50.003,123.923,1.638,36.343,2.283,0.55,73.76,202.335,0,0
P1015,50.122,116.821,0.998,32.733,1.628,0.5705,75.07,212.242,0,0
P1016,49.761,120.122,0.906,37.775,2.033,0.4457,72.153,203.421,0,0
P1017,50.081,118.172,1.3,35.065,1.655,0.5418,71.585,202.749,0,0
P1018,50.06,116.912,2.676,42.091,2.225,0.8989,68.796,182.272,1,2
P1019,50.616,116.962,1.674,43.141,3.426,0.6122,62.665,154.544,1,3
P1020,50.696,119.785,2.695,37.886,2.525,0.5091,62.731,195.278,1,2
P1021,50.084,120.8,1.004,38.93,3.998,0.5444,73.463,166.466,1,3
P1022,50.035,120.286,1.094,35.536,1.707,0.5704,71.878,205.381,0,0
P1023,49.917,119.372,1.276,35.795,0.957,0.5382,80.592,206.857,0,0
P1024,49.768,117.959,1.725,35.999,2.209,0.503,71.805,207.852,0,0
P1025,50.148,NaN,1.214,34.142,1.27,0.5442,77.377,213.291,0,0
P1026,49.683,117.361,1.536,40.748,4.013,0.6538,68.486,212.151,1,4
P1027,50.511,120.218,2.788,38.869,1.321,NaN,77.706,174.046,1,2
P1028,50.157,121.936,1.112,33.027,1.198,0.5248,75.468,209.532,0,0
P1029,50.212,118.221,1.503,38.297,1.855,0.5046,81.61,191.321,0,0
P1030,50.13,123.842,1.166,33.891,1.585,0.5375,71.663,206.682,0,0
P1031,49.393,120.629,2.253,47.659,2.191,0.7025,74.408,153.786,1,4
P1032,50.172,109.172,2.522,34.743,2.982,0.4804,75.138,177.895,1,2
P1033,49.591,122.081,1.363,38.364,NaN,0.508,75.894,196.176,0,0
P1034,50.343,126.275,1.577,39.809,3.554,0.6416,61.279,185.776,1,4
P1035,50.402,121.934,1.316,31.818,1.591,0.5412,80.365,194.65,0,0
P1036,50.422,120.039,1.467,40.03,3.347,0.5589,70.745,181.408,1,1
P1037,50.135,118.954,0.878,31.178,2.015,0.4539,77.256,216.836,0,0
P1038,50.04,123.382,1.279,35.323,0.891,0.4792,75.634,205.412,0,0
P1039,50.08,119.178,1.168,32.342,1.161,0.495,76.724,196.469,0,0
P1040,49.801,119.494,1.265,41.324,1.01,0.5506,74.138,213.285,0,0
P1041,49.836,118.199,2.098,39.644,3.252,0.59,53.724,188.669,1,1
P1042,50.052,118.792,1.38,33.345,2.226,0.5469,80.625,205.564,0,0
P1043,49.737,117.012,1.904,37.292,2.29,0.6668,71.943,185.179,1,1
P1044,49.949,120.496,1.445,35.493,1.266,0.5454,69.625,199.718,0,0
P1045,50.05,119.237,1.519,40.656,3.523,0.5647,57.411,157.013,1,3
P1046,50.048,120.889,1.293,28.417,1.62,0.5272,74.333,196.184,0,0
P1047,50.259,120.942,1.307,29.91,1.459,0.5135,83.906,205.206,0,0
P1048,49.9,119.248,1.209,32.901,1.306,0.5212,71.923,201.908,0,0
P1049,50.365,117.845,1.307,39.047,2.111,0.5143,83.249,202.11,0,0
P1050,50.083,117.779,1.559,36.897,2.012,0.5178,77.694,208.059,0,0
P1051,50.035,119.37,1.382,36.046,1.463,0.5032,70.986,196.479,0,0
P1052,48.898,NaN,0.924,44.293,2.857,0.5591,62.674,195.595,1,1
P1053,50.022,123.614,1.364,31.316,1.331,0.4893,72.629,190.549,0,0
P1054,50.197,120.539,1.559,34.515,1.345,0.5077,80.68,198.549,0,0
P1055,49.904,117.908,2.23,39.001,2.808,0.5675,41.857,186.991,1,3
P1056,50.948,123.957,1.575,42.711,3.109,0.667,54.945,209.718,1,1
P1057,50.086,122.409,0.97,32.26,1.817,0.4853,65.531,200.112,0,0
P1058,49.98,119.502,2.562,45.797,2.55,0.546,67.499,137.219,1,3
P1059,49.874,119.453,1.619,35.729,1.57,0.5193,74.999,207.804,0,0
P1060,50.017,122.038,0.904,38.091,1.441,0.5461,81.057,198.047,0,0
P1061,49.477,116.867,1.783,38.873,2.508,0.6692,70.348,187.198,1,1
P1062,50.197,120.17,0.975,37.402,1.759,0.5512,74.751,203.474,0,0
P1063,49.719,124.359,3.421,38.431,2.69,0.4818,75.655,181.197,1,2
P1064,50.273,119.726,1.118,32.744,1.689,0.5509,76.051,203.16,0,0
P1065,50.13,120.474,1.385,31.676,1.741,0.5034,71.74,186.728,0,0
P1066,50.279,117.086,1.146,26.952,1.849,0.5048,76.802,205.634,0,0
P1067,50.554,114.761,NaN,35.093,3.275,0.6521,56.787,197.103,1,1
P1068,49.893,119.096,2.169,43.306,3.593,0.6276,61.115,194.136,1,4
P1069,49.807,118.225,0.858,35.192,1.333,0.4586,65.962,214.938,0,0
P1070,50.11,120.868,1.461,34.516,1.83,0.5857,75.678,201.179,0,0
P1071,49.948,117.511,2.279,39.433,2.923,0.5671,58.136,192.16,1,3
P1072,49.955,NaN,2.364,38.976,2.116,0.7439,63.923,182.811,1,2
P1073,50.659,120.62,1.016,43.296,4.011,0.6965,57.161,192.834,1,4
P1074,49.844,124.344,0.933,43.705,4.173,0.5998,55.376,169.095,1,4
P1075,50.118,119.333,2.691,40.536,2.217,0.5622,56.21,173.705,1,2
P1076,50.056,119.527,0.603,31.628,1.46,0.5067,76.965,207.803,0,0
P1077,50.211,119.102,1.269,33.992,1.679,0.4854,76.191,204.725,0,0
P1078,49.994,125.616,2.706,44.862,2.524,0.7392,64.576,180.126,1,2
P1079,49.986,120.287,1.207,36.034,1.84,0.5078,77.062,206.734,0,0
P1080,50.123,118.552,1.39,41.483,1.666,0.4795,74.586,202.566,0,0
P1081,50.039,119.724,1.372,33.122,1.1,0.526,75.111,207.06,0,0
P1082,50.037,118.49,2.175,42.825,3.448,0.7992,66.311,200.474,1,2
P1083,50.099,119.448,1.793,38.502,2.795,0.5976,60.5,169.237,1,1
P1084,50.065,119.107,0.861,32.621,1.819,0.5387,77.489,210.482,0,0
P1085,50.391,122.281,1.536,36.931,1.706,0.7221,37.674,140.276,1,3
P1086,49.864,NaN,1.04,37.211,2.157,0.5209,84.787,193.626,0,0
P1087,49.596,115.673,2.182,26.277,1.941,0.6334,65.241,188.681,1,2
P1088,49.919,118.209,1.201,31.872,1.88,0.4713,74.036,204.24,0,0
P1089,49.813,121.315,1.639,34.703,1.932,0.4794,75.801,213.615,0,0
P1090,50.231,125.858,2.045,49.573,2.496,0.5777,65.34,178.526,1,3
P1091,50.226,118.047,1.115,28.931,0.929,0.4895,68.823,204.871,0,0
P1092,49.752,123.107,1.143,33.167,0.987,0.4993,81.209,211.537,0,0
P1093,49.889,120.673,1.469,37.312,1.844,0.5326,74.696,195.663,0,0
P1094,49.689,119.657,1.463,32.181,1.497,0.5096,80.737,212.275,0,0
P1095,49.915,117.375,0.971,37.524,1.609,0.5287,75.475,205.258,0,0
P1096,50.283,120.577,2.733,42.292,2.989,0.4779,69.407,169.906,1,2
P1097,50.437,123.178,1.321,39.337,2.969,0.7191,55.1,146.393,1,3
P1098,49.811,121.063,1.485,34.402,1.323,0.4825,75.697,201.219,0,0
P1099,49.577,113.186,2.064,37.53,3.652,0.6696,58.604,216.006,1,2
P1100,50.415,117.948,1.127,31.767,1.597,0.4932,70.567,198.325,0,0
P1101,50.118,119.104,1.16,33.325,1.082,0.4941,72.78,206.889,0,0
P1102,50.065,120.504,1.542,36.621,1.707,0.5227,70.28,200.5,0,0
P1103,49.677,118.349,1.345,32.073,1.517,0.5416,73.784,216.736,0,0
P1104,50.142,119.479,1.115,35.088,1.616,0.5579,80.209,207.401,0,0
P1105,50.031,120.208,1.87,48.858,2.585,0.6267,71.256,186.989,1,3
P1106,50.139,119.844,1.5,37.06,1.52,0.5463,72.844,214.072,0,0
P1107,49.931,118.932,1.466,34.165,1.483,0.5229,80.328,202.969,0,0
P1108,49.915,118.929,1.05,36.602,0.929,0.5416,82.866,211.18,0,0
P1109,49.888,120.105,1.158,41.191,1.795,0.5736,NaN,206.654,0,0
P1110,49.878,117.58,1.489,34.169,1.466,0.5082,76.663,199.763,0,0
P1111,50.034,120.958,1.582,38.808,3.466,0.5779,55.305,185.881,1,3
P1112,50.529,124.16,2.162,42.665,4.848,0.5818,51.211,210.481,1,4
P1113,50.28,121.071,1.297,38.539,1.722,0.5215,75.095,201.561,0,0
P1114,49.51,117.933,2.217,46.286,4.376,0.6002,59.089,165.27,1,4
P1115,50.043,126.404,2.392,40.191,3.653,0.6302,50.42,159.141,1,3
P1116,49.791,122.077,1.2,36.036,1.699,0.5262,78.458,193.744,0,0
P1117,50.131,127.09,3.026,39.884,1.829,0.6754,56.79,173.231,1,3
P1118,50.37,119.981,1.065,32.543,1.661,0.5406,72.11,197.88,0,0
P1119,50.107,119.303,1.369,35.273,1.521,0.5231,75.109,207.092,0,0
P1120,50.091,118.273,1.658,36.833,1.826,0.5124,72.684,198.924,0,0
P1121,49.823,123.926,1.336,47.196,4.629,0.4994,69.211,187.543,1,4
P1122,50.444,124.981,2.919,40.497,2.236,0.5802,58.286,165.747,1,2
P1123,49.322,128.939,1.81,40.141,2.843,0.6264,69.572,170.327,1,1
P1124,49.604,122.918,1.127,45.435,4.118,0.6771,62.889,213.869,1,4
P1125,49.216,127.375,1.952,39.569,2.158,0.5514,71.598,164.295,1,1
P1126,50.09,118.509,2.77,53.322,NaN,0.6057,61.482,185.771,1,2
P1127,50.908,118.468,2.508,39.761,3.566,0.532,51.407,180.911,1,2
P1128,NaN,124.097,2.494,36.02,2.064,0.7569,71.899,186.086,1,2
P1129,50.476,119.604,2.604,36.916,4.566,0.6094,NaN,192.504,1,2
P1130,50.236,122.406,2.212,32.305,1.084,0.6875,52.042,187.867,1,1
P1131,50.04,115.341,1.621,35.872,3.868,0.5296,46.244,204.086,1,3
P1132,49.802,122.578,1.118,31.605,NaN,0.4845,69.119,215.87,0,0
P1133,49.85,118.133,1.22,31.823,1.157,0.5191,70.795,201.136,0,0
P1134,49.871,118.95,1.11,35.854,1.273,0.5134,76.373,202.788,0,0
P1135,49.76,116.748,1.381,47.672,3.726,0.6296,49.507,206.436,1,4
P1136,50.654,114.162,2.215,42.109,1.708,0.6088,48.822,NaN,1,2
P1137,50.277,118.927,1.321,34.932,1.339,0.4744,77.315,198.61,0,0
P1138,50.074,122.096,1.288,37.94,1.869,0.4959,71.383,210.786,0,0
P1139,50.08,123.693,2.815,45.682,2.177,0.6015,58.108,227.403,1,2
P1140,50.165,116.624,1.363,NaN,1.251,0.4662,72.284,213.285,0,0
P1141,50.114,120.81,1.521,32.745,1.22,0.522,72.053,209.422,0,0
P1142,50.252,121.076,1.683,37.592,1.594,0.5299,76.775,217.203,0,0
P1143,50.152,116.077,2.161,34.85,1.864,0.6826,55.38,132.542,1,2
P1144,50.351,121.163,1.088,34.904,1.344,0.4994,71.627,206.022,0,0
P1145,49.466,113.456,1.943,38.73,5.069,0.5798,55.756,196.399,1,4
P1146,50.344,115.965,2.004,43.862,3.393,0.5935,67.162,196.637,1,1
P1147,49.72,119.853,0.906,34.345,1.563,0.5717,78.161,209.895,0,0
P1148,49.314,116.94,1.162,33.386,2.316,0.6904,67.613,217.886,1,1
P1149,50.315,128.741,2.455,37.306,2.459,0.5615,66.018,189.385,1,2
P1150,50.219,120.014,0.931,32.039,1.754,0.5225,73.541,202.463,0,0
P1151,50.438,119.745,1.322,33.081,0.987,0.5346,73.021,199.692,0,0
P1152,49.842,122.213,1.504,30.266,2.139,0.5149,70.34,202.648,0,0
P1153,50.897,122.425,1.865,41.387,4.163,0.6917,55.122,188.494,1,4
P1154,49.732,120.518,1.167,28.601,2.009,0.5165,75.265,199.424,0,0
P1155,47.159,118.653,1.266,36.758,1.521,0.5083,76.292,209.718,0,0
P1156,50.256,117.775,1.709,41.496,2.431,0.6763,53.907,174.403,1,3
P1157,50.064,119.27,2.331,39.433,3.086,0.6054,53.67,170.46,1,3
P1158,49.511,122.545,2.702,37.839,2.386,0.6848,62.873,185.848,1,2
P1159,50.218,121.627,1.298,31.443,2.128,0.5103,81.028,198.201,0,0
P1160,50.485,119.305,2.25,35.241,1.869,0.8114,43.479,195.117,1,3
P1161,49.938,120.825,1.263,31.456,0.986,0.4986,74.762,210.434,0,0
P1162,50.311,115.715,2.59,41.773,3.38,0.7114,62.995,171.81,1,2
P1163,50.666,118.639,1.908,39.844,3.23,0.7124,43.453,180.026,1,3
P1164,49.97,121.387,1.396,36.449,1.82,0.5064,68.801,213.453,0,0
P1165,49.951,124.076,2.043,45.023,4.093,0.5536,63.724,187.683,1,4
P1166,49.719,117.235,1.922,41.915,3.383,0.629,73.398,191.946,1,4
P1167,50.46,113.073,1.566,34.849,2.901,0.5234,58.85,176.202,1,1
P1168,49.765,122.885,1.208,35.961,1.915,0.5038,79.535,203.585,0,0
P1169,49.715,113.999,1.881,46.483,2.752,0.4699,72.852,203.958,1,1
P1170,49.88,119.46,1.04,36.029,1.477,0.5006,79.181,200.211,0,0
P1171,49.958,117.177,1.418,31.622,1.629,0.52,75.905,198.975,0,0
P1172,50.173,120.969,1.138,37.346,1.893,0.5241,81.211,219.11,0,0
P1173,49.991,121.814,1.255,34.993,1.585,0.4633,76.06,205.378,0,0
P1174,49.934,118.3,1.269,27.401,1.51,0.5552,72.57,208.822,0,0
P1175,50.093,121.091,1.185,35.401,1.093,0.505,73.667,202.793,0,0
P1176,49.901,121.645,1.352,34.732,1.928,0.5568,66.861,205.372,0,0
P1177,50.062,121.531,1.05,32.009,1.389,0.4769,77.635,195.565,0,0
P1178,49.876,125.238,2.166,45.466,3.763,0.6634,64.281,173.338,1,4
P1179,50.715,118.5,2.099,42.225,2.437,0.6989,74.905,187.768,1,2
P1180,49.717,117.725,1.424,32.07,2.153,0.4757,77.473,215.41,0,0
P1181,49.801,119.62,1.512,37.491,2.054,0.4838,79.167,204.614,0,0
P1182,49.99,121.574,1.268,32.387,1.469,0.5535,70.436,201.323,0,0
P1183,50.153,120.861,1.252,34.261,1.537,0.5693,72.719,195.746,0,0
P1184,49.885,112.546,1.778,30.823,2.479,0.6177,57.773,170.162,1,1
P1185,49.556,110.716,2.193,33.928,1.85,0.731,71.245,NaN,1,1
P1186,50.559,125.22,1.739,41.448,1.812,0.6891,46.868,204.426,1,1
P1187,50.156,130.073,1.361,46.029,2.128,0.4996,58.18,182.651,1,1
P1188,49.856,118.246,0.888,38.321,1.682,0.5474,80.082,205.027,0,0
P1189,49.985,118.918,1.331,33.188,1.606,0.4945,76.093,205.208,0,0
P1190,49.931,125.958,1.425,43.946,2.433,0.6516,49.772,148.436,1,3
P1191,50.044,117.229,NaN,45.928,4.182,0.4881,73.265,188.514,1,4
P1192,49.364,119.498,2.295,29.254,3.101,0.4867,47.47,176.599,1,3
P1193,49.841,121.616,1.24,34.696,2.257,0.4583,67.92,198.858,0,0
P1194,50.091,116.967,0.928,37.366,1.005,0.5805,84.228,210.911,0,0
P1195,49.885,120.897,1.252,27.988,1.532,0.4709,71.44,197.09,0,0
P1196,50.601,112.534,1.926,40.264,2.32,0.6864,54.926,157.689,1,3
P1197,50.149,124.57,1.175,38.431,1.714,0.5755,73.314,221.211,0,0
P1198,49.859,125.403,2.866,39.279,2.553,0.6363,65.434,172.203,1,2
P1199,49.712,127.221,2.245,40.671,1.65,0.7897,56.422,180.343,1,2
P1200,51.107,113.479,1.536,43.046,2.297,0.4653,54.864,183.968,1,1
P1201,50.222,116.244,2.016,51.824,3.887,0.5158,64.864,207.302,1,4
P1202,50.548,119.606,2.651,49.423,4.069,0.5514,53.41,214.693,1,2
P1203,NaN,107.631,1.391,37.778,3.094,0.6196,59.54,175.096,1,1
P1204,50.038,118.15,1.253,36.981,1.851,0.5124,75.733,196.623,0,0
P1205,49.652,125.396,2.728,43.653,1.908,0.5284,57.459,177.827,1,3
P1206,50.273,117.439,1.384,35.479,1.551,0.5706,72.453,202.346,0,0
P1207,50.087,121.333,1.052,38.251,1.569,0.5627,71.886,202.989,0,0
P1208,49.536,119.386,1.53,29.668,1.83,0.5841,75.849,197.368,0,0
P1209,50.205,122.734,3.476,46.909,2.45,0.6406,68.772,183.457,1,2
P1210,50.014,117.56,2.369,45.502,3.835,0.4936,67.373,153.704,1,2
P1211,49.846,117.251,1.091,29.886,1.367,0.4714,71.859,206.145,0,0
P1212,49.802,122.095,0.932,29.695,1.767,0.5663,75.05,201.711,0,0
P1213,49.889,117.27,1.164,33.297,1.825,0.5713,83.227,202.995,0,0
P1214,49.863,120.388,1.325,39.183,1.51,0.5204,78.302,190.778,0,0
P1215,50.056,118.502,1.012,32.155,1.768,0.4903,75.947,196.674,0,0
P1216,49.915,121.74,1.192,41.019,1.572,0.5067,69.518,201.083,0,0
P1217,50.855,126.015,2.646,41.157,3.076,0.6544,62.541,192.153,1,1
P1218,49.695,123.033,3.421,40.427,1.987,0.5529,58.58,190.413,1,2
P1219,49.937,121.144,2.611,38.991,1.23,0.6251,74.912,186.85,1,2
P1220,49.869,114.885,1.072,34.563,3.047,0.6915,57.973,170.654,1,3
P1221,50.297,117.063,1.526,31.959,1.551,0.429,76.579,205.953,0,0
P1222,50.138,119.419,1.209,36.095,1.26,0.569,74.303,189.795,0,0
P1223,50.057,121.563,1.171,39.475,1.813,0.5303,76.095,217.384,0,0
P1224,50.171,120.799,1.459,39.503,1.439,0.5716,78.992,204.742,0,0
P1225,50.247,118.244,1.777,30.965,3.628,0.5763,60.522,153.382,1,3
P1226,50.069,120.23,1.157,40.264,2.002,0.4928,76.673,218.654,0,0
P1227,50.067,119.009,0.933,33.679,1.651,0.5112,78.119,203.547,0,0
P1228,50.084,117.305,2.325,50.116,5.449,0.632,56.946,178.529,1,4
P1229,49.942,119.582,1.059,37.756,1.48,0.5004,77.124,203.284,0,0
P1230,50.183,119.29,1.533,35.301,1.387,0.5,74.088,206.37,0,0
P1231,50.1,120.23,1.514,33.202,1.758,0.5582,NaN,202.416,0,0
P1232,49.421,123.612,2.137,38.734,2.998,0.5297,73.05,231.734,1,1
P1233,50.083,122.602,1.321,35.236,1.623,0.4611,74.441,206.342,0,0
P1234,50.007,121.181,1.049,29.949,1.038,0.5072,78.206,207.589,0,0
P1235,50.049,120.353,2.041,36.338,5.021,0.6533,65.452,212.496,1,4
P1236,49.928,122.27,1.551,35.875,2.492,0.548,57.279,199.732,1,4
P1237,50.157,120.066,1.289,36.279,1.403,0.554,71.157,205.496,0,0
P1238,50.388,118.049,1.312,31.877,1.576,0.5362,79.75,199.453,0,0
P1239,50.196,121.52,0.838,34.001,1.738,0.507,78.719,190.261,0,0
P1240,50.071,119.92,1.262,35.349,1.785,0.5578,76.768,209.952,0,0
P1241,49.669,119.932,0.954,35.984,1.887,0.4639,71.584,200.725,0,0
P1242,50.067,117.498,1.312,33.635,1.998,0.5464,79.187,203.854,0,0
P1243,49.88,120.928,1.184,35.386,1.233,0.5084,77.676,214.318,0,0
P1244,50.214,122.917,1.312,34.693,1.679,0.5153,76.484,195.838,0,0
P1245,49.767,117.241,1.276,37.659,1.217,0.4762,76.755,202.966,0,0
P1246,50.485,119.959,2.456,24.66,2.546,0.6391,46.056,168.913,1,3
P1247,50.147,125.627,-1.164,43.537,2.761,0.5793,58.836,202.759,1,2
P1248,50.253,123.954,2.635,31.028,2.535,0.7228,70.759,192.305,1,2
P1249,49.82,120.646,0.858,39.429,1.067,0.5109,67.547,203.65,0,0
P1250,50.002,120.589,1.365,32.731,1.839,0.5559,73.52,200.733,0,0
P1251,50.194,119.148,1.873,32.24,2.393,0.6081,38.517,209.49,1,3
P1252,49.898,118.265,1.129,35.338,1.043,0.5071,72.169,211.792,0,0
P1253,50.194,118.715,2.893,39.074,2.329,0.7495,71.03,196.06,1,2
P1254,50.04,121.443,1.311,30.622,1.658,0.5117,76.892,203.415,0,0
P1255,49.632,113.302,0.869,36.08,3.35,0.5698,57.699,196.125,1,1
P1256,50.038,119.986,1.179,34.461,2.105,0.5375,79.329,206.13,0,0
P1257,49.888,117.539,0.929,31.104,1.413,0.5017,77.48,193.414,0,0
P1258,50.35,116.969,2.546,42.514,2.911,0.485,61.631,188.732,1,1
P1259,49.737,123.418,3.168,31.254,1.65,0.7708,79.686,184.286,1,2
P1260,49.98,120.371,1.255,34.404,1.616,0.5216,76.903,198.679,0,0
P1261,50.197,121.778,1.583,38.212,2.098,0.5253,82.686,207.565,0,0
P1262,50.705,117.812,3.383,42.669,2.34,0.5939,65.7,190.861,1,2
P1263,49.852,121.649,1.722,33.02,1.726,0.5294,79.388,197.433,0,0
P1264,50.241,113.246,1.905,37.324,3.83,0.6294,74.701,188.043,1,1
P1265,50.119,116.681,1.594,34.519,2.334,0.7386,49.063,147.278,1,3
P1266,50.287,117.667,1.967,48.282,3.454,0.5457,63.488,185.969,1,4
P1267,49.997,116.295,2.303,44.644,4.082,0.4939,60.898,NaN,1,4
P1268,49.836,120.411,1.38,33.608,1.63,0.4168,74.143,212.624,0,0
P1269,49.784,119.941,1.008,36.791,1.512,0.5555,76.149,202.668,0,0
P1270,49.766,122.303,1.191,31.516,1.446,0.5674,74.309,204.199,0,0
P1271,49.8,120.894,1.425,35.83,2.035,0.4573,80.07,205.658,0,0
P1272,50.335,119.215,1.717,34.953,1.476,0.5756,75.096,201.593,0,0
P1273,49.699,122.499,1.367,41.373,3.148,0.4878,64.929,171.283,1,4
P1274,50.19,119.459,-3.536,37.239,2.083,0.5439,70.37,212.61,0,0
P1275,50.031,120.454,1.132,35.492,1.873,0.5147,71.99,218.056,0,0
P1276,49.664,124.068,2.659,40.736,-5.29,0.6413,75.856,181.864,1,4
P1277,50.681,113.565,2.032,32.771,2.829,0.6057,68.771,195.261,1,1
P1278,50.449,115.292,1.377,49.725,2.839,0.7075,66.09,187.688,1,4
P1279,50.202,122.563,1.919,45.064,2.886,0.6964,60.715,194.77,1,1
P1280,49.864,119.979,1.015,35.297,1.291,0.5592,80.66,199.501,0,0
P1281,49.92,118.748,1.31,31.614,1.407,0.4971,73.938,201.998,0,0
P1282,50.219,120.068,1.342,29.926,1.603,0.5353,81.463,203.005,0,0
P1283,49.987,121.433,1.182,33.731,1.299,0.5099,74.323,200.847,0,0
P1284,49.679,113.93,1.84,52.485,4.427,0.6809,68.276,NaN,1,4
P1285,49.435,128.886,1.92,47.421,3.077,0.5527,71.555,218.573,1,1
P1286,50.469,111.582,2.069,29.792,3.669,0.587,55.604,173.273,1,1
P1287,49.913,120.509,1.586,37.179,1.315,0.5315,77.568,211.041,0,0
P1288,50.17,121.324,1.333,32.066,1.944,0.4996,75.832,206.782,0,0
P1289,49.783,117.581,1.482,51.804,5.813,0.6192,44.996,179.969,1,4
P1290,49.894,119.658,1.722,31.456,1.888,0.5482,75.663,208.061,0,0
P1291,49.94,118.476,1.181,34.938,1.485,0.5453,72.915,196.652,0,0
P1292,50.063,116.013,0.955,32.077,1.282,0.5389,71.598,204.588,0,0
P1293,49.826,118.955,1.341,33.107,1.198,0.5082,80.542,199.32,0,0
P1294,49.8,113.283,1.904,39.331,2.293,0.7946,64.484,204.337,1,2
P1295,49.959,122.68,1.343,32.404,2.356,0.547,76.579,207.243,0,0
P1296,50.753,122.838,2.017,46.851,3.504,0.632,66.917,148.936,1,4
P1297,49.358,113.083,1.879,34.325,2.807,0.6632,67.948,157.501,1,1
P1298,50.173,119.936,1.491,34.037,1.204,0.5286,76.038,206.487,0,0
P1299,50.437,119.906,2.083,42.49,1.316,0.6734,65.396,183.773,1,1
P1300,50.166,118.406,1.5,36.359,2.263,0.5009,76.676,200.739,0,0
P1301,50.288,123.031,1.524,33.104,1.42,0.5233,75.705,210.75,0,0
P1302,49.739,119.272,2.418,33.703,2.582,0.5125,63.794,221.414,1,1
P1303,50.043,122.137,0.943,35.378,1.759,0.4998,79.504,202.867,0,0
P1304,50.368,115.632,1.226,38.833,2.643,0.6322,60.287,158.144,1,3
P1305,NaN,117.452,2.388,41.722,3.968,0.3398,72.859,203.189,1,2
P1306,50.133,121.83,1.132,39.096,3.308,0.5752,41.142,137.977,1,3
P1307,50.441,121.638,1.306,31.029,2,0.566,74.732,202.747,0,0
P1308,49.898,118.197,1.513,36.387,1.444,0.5491,82.077,203.235,0,0
P1309,49.97,123.708,1.314,33.549,1.257,0.5478,78.941,202.569,0,0
P1310,50.099,121.508,1.595,31.153,2.033,0.5001,77.156,202.66,0,0
P1311,49.882,117.718,2.692,40.381,4.012,0.466,58.533,186.398,1,2
P1312,49.996,120.056,1.304,34.01,1.062,0.5541,69.447,210.731,0,0
P1313,49.691,118.819,1.516,45.688,2.693,0.5981,63.522,158.712,1,3
P1314,50.08,127.317,2.325,35.063,2.559,0.5937,63.913,184.522,1,1
P1315,49.395,117.57,0.978,36.438,1.883,0.721,59.319,178.41,1,1
P1316,49.999,121.241,0.917,32.426,1.69,0.5911,78.595,200.578,0,0
P1317,49.765,118.623,1.548,35.828,2.043,0.506,73.591,197.631,0,0
P1318,49.987,118.856,1.862,35.154,3.624,0.6425,60.689,193.847,1,3
P1319,49.829,121.97,0.766,35.372,2.198,0.4664,76.542,197.798,0,0
P1320,49.882,117.629,1.829,32.516,2.807,0.5113,54.927,177.182,1,3
P1321,49.911,120.115,1,34.487,1.355,0.558,73.833,203.603,0,0
P1322,49.913,119.777,0.754,32.614,1.85,0.4732,80.746,209.539,0,0
P1323,50.071,120.317,1.33,34.544,1.483,0.547,72.528,208.094,0,0
P1324,49.962,120.588,1.33,33.93,1.17,0.5356,79.737,194.278,0,0
P1325,50.166,119.931,0.773,35.17,1.863,0.5349,69.947,209.433,0,0
P1326,49.607,123.101,1.845,29.83,1.758,0.5366,58.753,184.247,1,1
P1327,50.273,121.507,1.266,36.262,1.748,0.5366,75.667,214.402,0,0
P1328,49.956,120.705,0.92,38.803,1.83,0.5261,76.103,204.721,0,0
P1329,50.074,123.837,1.281,33.622,1.617,0.5701,75.301,204.902,0,0
P1330,49.719,117.055,2.347,34.797,2.363,0.6513,72.528,186.229,1,2
P1331,49.722,121.621,2.143,37.544,2.606,0.7944,45.732,214.668,1,1
P1332,49.996,119.606,1.222,35.571,1.363,0.5072,80.14,195.886,0,0
P1333,49.673,121.184,1.198,31.672,1.865,0.4661,75.394,204.172,0,0
P1334,49.75,118.967,1.531,32.828,1.695,0.5194,75.701,191.433,0,0
P1335,49.789,124.205,1.743,50.472,3.737,0.6484,51.685,NaN,1,4
P1336,49.891,120.486,1.375,33.031,2.102,0.5288,77.897,217.101,0,0
P1337,49.798,113.352,2.894,34.158,3.862,0.5805,77.292,190.784,1,1
P1338,49.917,116.085,1.688,43.324,4.268,0.5007,70.95,188.729,1,4
P1339,49.875,116.347,1.372,34.08,1.637,0.5634,77.091,208.36,0,0
P1340,49.903,119.868,1.32,32.862,1.582,0.4723,77.975,208.011,0,0
P1341,49.736,118.782,2.815,41.876,3.843,0.6717,75.496,171.811,1,2
P1342,50.098,120.932,1.66,34.865,1.469,0.4774,74.881,198.777,0,0
P1343,50.4,124.277,2.181,38.056,1.981,0.5769,54.612,199.032,1,3
P1344,49.993,125.511,3.259,43.726,2.833,0.7246,51.628,176.692,1,2
P1345,50.695,116.046,2.611,28.19,1.61,0.5677,58.064,141.637,1,3
P1346,49.978,120.258,1.323,28.952,1.2,0.5687,69.192,197.653,0,0
P1347,49.86,121.09,1.015,31.551,1.378,0.4615,75.806,202.616,0,0
P1348,50.095,123.403,1.932,39.497,4.595,0.6501,58.57,154.635,1,4
P1349,50.167,121.608,1.116,37.869,1.997,0.5288,75.342,198.584,0,0
P1350,49.835,121.703,1.155,36.135,1.5,0.5051,71.74,200.414,0,0
P1351,50.559,124.189,2.002,52.293,3.615,0.6018,52.106,189.261,1,4
P1352,50.331,117.23,2.147,28.697,2.741,0.4888,61.835,205.342,1,1
P1353,50.367,126.764,1.311,43.401,2.441,0.5557,47.127,174.754,1,3
P1354,49.981,118.276,1.023,37.508,1.358,0.499,76.118,191.457,0,0
P1355,49.947,120.72,0.876,32.923,1.515,0.5696,80.336,217.52,0,0
P1356,49.808,119.473,1.399,33.362,1.694,0.4994,80.925,206.473,0,0
P1357,49.864,119.668,1.072,32.987,1.964,0.4873,76.709,198.007,0,0
P1358,50.076,120.796,1.441,30.508,1.021,0.6025,73.118,210.634,0,0
P1359,50.457,120.768,1.719,41.451,2.353,0.5962,66.795,178.903,1,1
P1360,49.571,116.448,2.402,41.289,3.711,0.6999,65.653,210.582,1,2
P1361,50.053,119.425,1.307,36.619,2.031,0.5652,73.379,198.92,0,0
P1362,49.536,115.534,1.447,41.072,2.786,0.5617,53.919,167.477,1,3
P1363,49.757,122.103,2.791,41.175,2.922,0.5411,67.192,180.734,1,2
P1364,49.81,118.532,1.006,36.194,2.008,0.5133,78.06,208.825,0,0
P1365,50.127,121.568,1.021,41.158,1.499,0.5001,75.611,211.147,0,0
P1366,49.807,120.128,1.883,28.251,1.862,0.482,74.576,207.279,0,0
P1367,49.707,117.235,2.758,44.04,2.766,0.8686,44.854,NaN,1,2
P1368,49.537,124.509,2.126,54.289,4.061,0.5856,64.077,177.096,1,4
P1369,50.028,118.39,2.949,35.729,1.554,0.7774,63.675,224.053,1,2
P1370,49.675,121.599,2.299,39.54,2.257,0.543,71.195,165.707,1,2
P1371,50.295,118.339,2.148,43.654,2.573,0.5559,43.981,165.967,1,3
P1372,49.855,121.209,1.394,36.848,2.374,0.5524,74.918,203.963,0,0
P1373,50.726,118.981,3.423,42.222,4.388,0.7128,69.263,213.42,1,2
P1374,50.256,119.951,1.61,29.522,2.284,0.5007,75.662,202.193,0,0
P1375,50.274,118.761,2.125,34.87,2.847,0.5216,156.499,164.928,1,3
P1376,50.049,118.967,1.327,35.942,1.176,0.5472,79.586,191.763,0,0
P1377,49.806,119.565,1.057,28.57,1.586,0.4739,73.644,214.099,0,0
P1378,49.972,121.266,1.316,33.21,1.742,0.5426,75.591,200.62,0,0
P1379,50.983,129.165,1.96,37.078,2.549,0.6648,74.953,196.621,1,1
P1380,50.092,117.829,1.132,31.355,1.449,0.4804,74.395,199.562,0,0
P1381,50.355,116.836,2.123,40.52,3.983,0.6579,51.966,178.245,1,3
P1382,50.441,122.831,2.514,39.518,0.78,0.6548,61.823,201.969,1,1
P1383,49.893,118.612,1.085,31.246,1.734,0.5188,75.05,196.431,0,0
P1384,49.798,119.653,1.453,33.946,1.533,0.5296,75.574,197.364,0,0
P1385,49.751,121.859,1.03,33.791,2.085,0.5163,77.134,202.91,0,0
P1386,49.619,112.64,2.965,39.979,3.311,NaN,64.627,171.201,1,2
P1387,50.103,121.061,0.857,33.57,1.95,0.5515,73.83,197.729,0,0
P1388,50.518,114.854,2.173,40.595,2.924,0.5422,72.549,191.742,1,1
P1389,49.828,119.269,1.41,32.619,1.211,0.5316,76.827,210.63,0,0
P1390,49.831,128.143,2.298,40.036,1.55,0.5547,60.041,214.687,1,2
P1391,49.732,118.11,1.715,32.149,3.036,0.6541,56.523,137.162,1,3
P1392,50.241,122.597,1.599,48.483,2.393,0.6903,46.592,150.245,1,3
P1393,49.988,120.415,1.404,35.125,1.331,0.5533,77.526,212.542,0,0
P1394,50.257,119.435,1.295,29.936,1.484,0.4778,80.949,214.036,0,0
P1395,49.989,122.137,2.489,36.936,2.558,0.6459,74.748,199.821,1,2
P1396,50.33,119.524,2.194,37.25,2.704,0.5939,55.723,136.428,1,3
P1397,49.733,116.197,2.401,44.228,2.895,0.6533,72.52,156.343,1,2
P1398,50.505,NaN,2.036,38.443,2.811,0.6917,62.95,191.551,1,1
P1399,50.041,121.435,1.162,31.997,1.7,0.5561,74.723,206.362,0,0
P1400,50.164,119.717,0.979,28.89,1.587,0.4893,77.219,219.482,0,0
P1401,50.695,118.034,2.921,39.454,3.982,0.77,NaN,172.621,1,2
P1402,50.057,121.043,2.56,40.257,2.032,0.5522,37.981,177.028,1,3
P1403,49.538,116.877,2.425,45.102,1.98,0.5337,61.703,173.753,1,1
P1404,50.61,126.758,1.286,43.239,2.838,0.5792,66.887,197.136,1,1
P1405,50.441,119.075,1.35,33.506,1.293,0.4819,78.407,198.779,0,0
P1406,50.135,121.771,NaN,40.878,1.684,0.5477,74.733,198.699,0,0
P1407,50.457,118.212,2.824,48.054,3.552,0.7398,64.056,199.427,1,2
P1408,49.14,115.551,1.907,42.4,3.103,0.4978,52.696,194.192,1,2
P1409,49.34,125.03,1.483,29.605,3.203,0.5965,50.212,214.964,1,1
P1410,50.07,122.589,1.302,34.863,1.51,0.4727,72.146,202.643,0,0
P1411,49.716,118.401,1.766,35.526,2.469,0.6254,68.639,172.717,1,3
P1412,50.007,122.172,0.741,34.641,1.858,0.4327,74.347,204.611,0,0
P1413,50.003,118.688,1.344,36.568,2.035,0.519,76.24,199.69,0,0
P1414,50.377,119.094,1.141,30.718,1.716,0.5911,79.391,210.844,0,0
P1415,50.277,117.937,2.501,41.765,3.989,0.6883,50.302,160.489,1,3
P1416,50.654,119.565,1.995,32.023,2.262,0.6892,56.016,177.708,1,3
P1417,50.106,121.635,1.113,34.479,1.752,0.5633,75.502,215.033,0,0
P1418,50.142,119.309,1.791,34.522,2.71,0.5829,63.463,197.642,1,2
P1419,49.812,120.246,1.393,NaN,1.865,0.4749,72.414,192.205,0,0
P1420,50.81,122.893,0.528,38.482,3.762,0.6368,62.804,182.036,1,4
P1421,49.984,116.59,1.302,38.585,2.356,0.6064,45.226,193.925,1,3
P1422,50.155,120.875,1.324,35.495,1.683,0.5512,74.374,197.49,0,0
P1423,50.647,122.384,1.296,28.717,2.708,0.6752,51.631,177.428,1,3
P1424,50.141,117.413,1.198,37.57,3.751,0.61,58.332,179.811,1,4
P1425,49.794,121.708,0.997,44.233,3.571,0.5597,65.492,182.756,1,4
P1426,49.734,120.932,2.536,52.865,4.867,0.5719,73.44,212.667,1,4
P1427,50.345,112.016,2.278,40.301,2.139,0.6314,63.36,181.4,1,4
P1428,50.022,117.171,1.081,38.834,1.656,0.5956,76.685,203.342,0,0
P1429,50.584,119.034,2.836,48.156,4.373,0.6729,60.24,207.349,1,4
P1430,50.26,119.306,2.339,50.316,2.012,0.475,75.169,209.285,1,4
P1431,49.68,126.209,2.646,50.972,2.983,0.8019,64.033,189.827,1,2
P1432,49.769,118.486,1.123,36.486,1.475,0.5158,68.235,197.969,0,0
P1433,49.828,120.92,1.647,33.52,1.541,0.5636,77.166,202.314,0,0
P1434,50.073,111.051,3.278,48.004,3.121,0.8756,56.464,174.16,1,2
P1435,49.934,119.146,1.179,31.646,1.384,0.4738,79.144,208.802,0,0
P1436,50.093,119.896,1.36,34.632,1.785,0.5474,72.08,198.365,0,0
P1437,50.406,118.823,1.058,33.606,3.012,0.6703,63.114,166.83,1,3
P1438,50.033,121.041,2.108,39.36,2.981,0.5715,53.651,167.511,1,3
P1439,49.704,117.611,1.976,40.716,2.627,0.4908,53.903,220.532,1,4
P1440,50.12,120.949,1.309,35.244,1.602,0.4976,74.609,209.238,0,0
P1441,49.895,118.747,1.179,36.684,1.312,0.4938,76.128,190.808,0,0
P1442,50.148,126.514,2.014,46.803,4.346,0.589,71.103,157.619,1,4
P1443,49.995,120.282,1.101,31.267,1.632,0.5153,76.221,209.241,0,0
P1444,50.066,124.532,1.017,36.795,2.308,0.4968,51.087,176.44,1,3
P1445,49.994,120.05,1.114,38.185,1.948,0.5178,76.704,201.883,0,0
P1446,50.057,119.944,1.003,31.075,2.137,0.5104,76.527,220.452,0,0
P1447,49.695,119.13,3.217,45.187,2.38,0.6281,68.679,189.846,1,2
P1448,50.044,119.163,0.866,39.991,1.311,0.4876,71.872,192.452,0,0
P1449,50.02,118.106,1.105,36.542,1.357,0.57,78.059,220.423,0,0
P1450,50.055,120.555,NaN,35.855,2.09,0.5725,62.773,176.161,1,3
P1451,50.033,119.862,1.323,34.417,1.186,0.5602,74.98,194.474,0,0
P1452,50.208,125.046,1.394,42.89,2.678,0.6041,47.707,162.649,1,3
P1453,50.105,120.54,1.319,30.317,1.047,0.5546,75.34,213.889,0,0
P1454,49.857,122.008,2.902,35.488,2.443,0.6036,59.058,186.908,1,2
P1455,50.221,121.278,1.789,45.163,4.115,0.5165,78.992,180.207,1,4
P1456,50.625,119.73,2.415,46.28,2.287,0.73,71.99,163.381,1,2
P1457,48.973,124.3,1.7,43.625,2.045,0.6093,71.267,198.866,1,1
P1458,50.341,116.526,2.696,44.776,3.218,0.5706,59.33,207.998,1,2
P1459,50.512,119.839,2.404,39.635,2.798,0.4318,66.154,150.662,1,3
P1460,49.959,123.154,2.641,48.279,3.121,0.6442,43.542,209.873,1,2
P1461,49.844,110.141,2.071,52.273,3.481,0.6017,74.797,189.883,1,1
P1462,50.502,118.367,3.15,36.219,3.62,0.6356,66.329,195.088,1,2
P1463,50.1,121.976,1.17,36.203,1.871,0.5574,76.441,207.322,0,0
P1464,49.957,118.681,2.601,42.655,4.01,0.4884,45.92,167.19,1,3
P1465,50.231,117.67,1.355,33.659,1.082,0.4667,75.811,195.723,0,0
P1466,49.954,118.772,1.893,43.609,3.705,0.5003,65.506,210.707,1,4
P1467,49.851,119.795,1.072,32.053,1.482,0.5055,74.969,210.4,0,0
P1468,50.617,121.094,1.474,46.218,4.899,0.6057,60.106,171.255,1,4
P1469,50.22,114.894,0.754,36.444,2.205,0.6362,41.48,182.08,1,3
P1470,49.464,122.608,2.545,33.461,4.003,0.4849,62.634,187.402,1,2
P1471,49.926,121.253,1.701,33.363,2.62,0.5835,57.1,180.486,1,3
P1472,50.044,123.397,1.18,30.941,1.584,0.5001,72.319,210.294,0,0
P1473,NaN,118.489,1.003,44.908,2.599,0.6824,57.989,176.445,1,1
P1474,50.205,119.337,1.319,38.002,1.568,0.5222,77.841,192.869,0,0
P1475,50.409,118.79,0.959,32.964,1.814,0.5482,76.845,222.466,0,0
P1476,49.856,119.008,1.208,34.444,1.836,0.5494,80.112,203.541,0,0
P1477,50.17,119.483,1.474,36.252,2.026,0.5112,72.607,198.825,0,0
P1478,49.864,124.551,1.752,33.013,1.336,0.5641,72.807,206.324,0,0
P1479,50.049,114.982,2.932,42.096,3.637,0.6143,83.84,202.611,1,2
P1480,49.28,122.702,2.397,41.033,4.14,0.6768,84.583,187.539,1,2
P1481,50.027,119.631,1.57,37.644,1.385,0.5861,81.939,196.531,0,0
P1482,50.247,121.235,2.364,30.142,2.522,0.6012,68.674,192.89,1,2
P1483,50.218,121.096,1.518,38.142,1.789,0.5212,76.129,200.285,0,0
P1484,50.251,119.336,1.717,39.317,2.372,0.5281,54.174,164.961,1,1
P1485,50.011,119.872,0.787,33.638,1.402,0.4985,72.155,208.8,0,0
P1486,50.161,120.585,1.339,33.765,1.777,0.5044,77.652,206.057,0,0
P1487,50.062,116.838,1.209,31.954,1.809,0.5179,74.495,199.657,0,0
P1488,50.11,120.228,1.036,31.254,1.256,0.5688,74.926,188.463,0,0
P1489,50.929,129.414,2.368,36.41,1.233,0.5728,60.732,207.833,1,1
P1490,49.96,119.705,1.344,39.718,1.41,0.544,68.1,202.054,0,0
P1491,50.489,119.493,1.175,36.701,1.743,0.4817,70.156,193.359,0,0
P1492,50.248,121.024,1.391,35.105,1.613,0.4821,78,203.667,0,0
P1493,50.326,118.467,1.87,38.433,1.824,0.537,47.422,167.579,1,3
P1494,49.774,120.596,1.408,34.748,1.695,0.5217,78.15,210.967,0,0
P1495,50.341,123.266,2.139,39.521,3.335,0.5825,61.972,177.139,1,2
P1496,50.152,116.402,1.526,34.109,1.567,0.5279,74.606,214.718,0,0
P1497,49.94,121.642,1.924,35.436,1.88,0.5339,77.387,213.876,0,0
P1498,50.542,133.662,2.661,46.8,3.068,0.5991,29.753,184.944,1,1
P1499,50.068,118.178,1.398,35.373,1.251,0.4554,86.778,198.344,0,0
P1500,49.667,114.761,1.273,42.057,2.517,0.5615,68.004,145.415,1,1
